B06XCDTLKD,15 May 2017,15 May 2017,1
B00BJG652Q,10 April 2017,11 May 2013,1098
B007NXAD5O,31 March 2017,6 July 2012,804
B00TWW583Q,30 April 2017,2 July 2015,262
B00FE83AN2,21 October 2014,6 February 2014,60
B01B4WNAZ4,13 March 2017,27 March 2016,134
B00FLPF4YG,21 January 2014,21 December 2013,291
B00HIHUJYA,22 February 2015,20 March 2014,599
B01CQAOJ80,15 January 2016,29 October 2014,412
B07176QFYF,3 July 2017,12 June 2017,7
B01326XJW4,8 April 2017,16 April 2014,427
B00LCVLLJA,21 March 2017,31 July 2014,308
B01326XJSI,8 April 2017,16 April 2014,427
B00JTQTJHG,20 May 2016,15 August 2014,73
B009VX5HT6,15 May 2017,31 March 2013,317
B01NAHB3AK,25 May 2017,10 August 2015,153
B01AAH1D80,7 June 2017,22 March 2016,92
B01BQ532KW,8 February 2017,8 February 2017,1
B01AFWKC8C,6 July 2017,25 January 2016,120
B01F2SJZ6Y,4 July 2017,27 June 2017,6
B003J33YKI,12 March 2017,20 September 2010,347
B0118UVPI6,25 May 2017,10 August 2015,153
B00QNDZIXW,31 January 2017,12 August 2015,69
B009S4RO8A,16 May 2015,2 August 2014,262
B019F8BA5Q,6 March 2017,13 May 2016,32
B06XSHSGL2,6 May 2017,17 April 2016,90
B01ARQMUE0,21 June 2017,21 September 2016,14
B01LXMURK6,20 May 2016,15 August 2014,73
B01N74PB7S,8 May 2017,1 January 2017,17
B071HTQ74Z,18 June 2017,27 April 2016,18
B009VX2S6Q,17 June 2017,26 November 2012,442
B0106BH0UA,19 March 2017,8 July 2015,134
B01AAH1CYA,24 November 2016,9 March 2016,97
B071D59RLK,6 July 2017,19 June 2017,5
B072FQSDWY,9 June 2017,9 June 2017,6
B072LTLVZK,30 June 2017,6 June 2017,27
B01KNETZ2Q,21 July 2016,18 May 2016,190
B01J3TBKXO,10 March 2017,15 August 2016,90
B00QU0VN3M,20 June 2017,5 August 2016,6
B00PYEP6HO,9 January 2016,10 February 2015,74
B01GN08EQM,30 April 2017,16 June 2016,70
B0719PGHJ1,30 June 2017,6 June 2017,27
B00JE7Y9HK,15 May 2016,21 May 2014,106
B01K1XCFQ2,15 May 2017,6 December 2016,7
B01MRFLBZ1,2 May 2017,8 December 2016,8
B01M5AYFW4,1 July 2017,14 November 2016,6
B00JTQTJIA,20 May 2016,15 August 2014,73
B0174JFQ6M,11 June 2017,11 June 2017,1
B000CM47KU,27 April 2017,20 January 2011,407
B01KH9ELWQ,24 March 2017,19 October 2016,6
B01B8U7JW2,18 March 2017,5 February 2016,125
B06XCJBSYQ,21 March 2017,26 May 2016,14
B01G07HI06,30 November 2016,18 June 2016,52
B01C5NH3CM,18 April 2017,26 June 2016,48
B01B8U7JW2,18 March 2017,5 February 2016,125
B01K1XYYJ8,15 May 2017,6 December 2016,7
B01C5RO7E0,31 March 2017,6 July 2012,804
B00I8P9MDA,28 September 2014,30 July 2014,6
B06XCZFXQ2,11 April 2017,20 March 2017,24
B005Y37QNC,10 December 2015,4 November 2015,12
B00H4P50OK,14 June 2014,21 April 2014,330
B008F5QI30,22 October 2014,11 April 2013,83
B00P2984SE,2 May 2017,16 March 2015,152
B0099EXTMO,17 June 2017,26 November 2012,442
B071CTC7DD,,,0
B01CHHBWQE,5 March 2017,14 April 2016,151
B01J3T8U3M,10 March 2017,15 August 2016,90
B01J3T0SEG,10 March 2017,15 August 2016,90
B071LDQRMQ,30 June 2017,6 June 2017,27
B007PZPH4M,3 January 2017,25 September 2012,268
B01N31H83V,15 June 2017,15 February 2017,5
B00FB1RA92,17 June 2017,26 November 2012,442
B01KHCY7NG,30 April 2017,14 September 2016,63
B06Y4P9P4V,30 April 2017,14 September 2016,63
B000TQ49OI,13 June 2017,17 August 2011,242
B01KHPG34O,21 July 2016,18 May 2016,190
B06XWCR26H,16 June 2017,13 May 2017,31
B00H4P52DO,14 June 2014,21 April 2014,330
B0722TVW55,10 April 2017,25 May 2016,73
B00QM8VEJA,5 July 2017,31 August 2014,6571
B06Y5SYDFN,29 April 2017,28 April 2017,8
B01KNENXE2,21 July 2016,18 May 2016,190
B007NCJDM4,19 October 2016,24 June 2012,190
B01LXFX4RX,19 March 2017,12 November 2016,66
B01HE792R8,26 May 2016,15 March 2016,180
B01N0A44VZ,,,0
B001GRNS32,15 May 2017,23 October 2008,1106
B01FOSM9BU,20 December 2016,21 May 2016,124
B01KWQRV7Q,30 April 2017,14 September 2016,63
B071S5Q62J,30 June 2017,6 June 2017,27
B00JY1C4UU,4 February 2017,15 September 2016,3
B01KNUW6RQ,7 June 2017,7 June 2017,1
B01M1CHBX4,19 March 2017,12 November 2016,66
B00L5IE9L2,14 January 2015,14 January 2015,12
B01LXOKMGG,28 February 2017,5 December 2016,12
B0104X9GFC,15 March 2016,15 March 2016,1
B00H4P50NQ,20 May 2017,25 August 2014,70
B0174JCRPU,26 June 2017,20 May 2016,5
B01KHP8SUQ,21 July 2016,18 May 2016,190
B01H65ZGL4,4 June 2017,11 January 2017,12
B06XWSGV7L,27 May 2017,6 May 2017,39
B00RZUA75G,,,0
B01HRL3KXS,29 May 2017,21 September 2016,7
B00DGIZ40Y,19 January 2016,2 September 2013,65
B01HI1HWWM,17 April 2017,17 April 2017,1
B01J2QCVOU,27 April 2017,31 August 2016,17
B01NA6K7TL,17 June 2017,20 December 2016,14
B01KO7N6NG,6 May 2017,2 November 2015,26
B008UOOGDA,13 October 2016,3 November 2012,35
B01BVD8Q4Q,25 May 2016,21 March 2012,127
B00YD057KQ,21 January 2016,18 October 2015,47
B00TFXBKK2,28 June 2017,22 June 2017,2
B0711C7HC5,,,0
B01KK03CDQ,3 June 2017,2 December 2016,4
B06XK8W9T3,,,0
B0042RWWTE,8 December 2016,30 November 2010,1126
B0194X0CCY,19 May 2017,9 January 2016,119
B00DGIZJ86,24 November 2014,26 November 2013,18
B00QU08FB0,21 July 2016,9 April 2015,12
B01DW934V2,13 May 2017,29 July 2016,4
B01MTYS475,30 June 2017,26 January 2017,6
B00R4VJ8EC,26 April 2017,5 May 2016,5
B00FYNKCVU,24 April 2016,26 March 2015,2
B000MMLOME,9 December 2016,24 April 2016,14
B00VG1TCE2,8 March 2017,12 December 2015,12
B01GFHLG72,10 May 2017,18 June 2016,99
B00IXNMN60,9 September 2016,10 November 2015,3
B00OHOH4IQ,4 June 2016,16 November 2014,252
B01C61ED12,31 March 2017,6 July 2012,804
B015J28B2W,7 March 2017,19 December 2015,32
B00O1GUD4W,11 January 2016,11 January 2015,37
B01MY6T0YN,9 June 2017,9 June 2017,1
B01MQV3F8U,12 March 2017,17 December 2016,15
B071ZFCCQ9,,,0
B0087SWZSW,22 January 2017,17 November 2012,4
B000ID37EA,17 March 2017,8 October 2013,32
B00L1DTOGG,29 September 2014,30 July 2014,230
B06XQW89L9,6 July 2017,10 June 2017,2
B01MU43KP5,13 February 2017,11 January 2017,80
B0195U67O8,8 February 2017,18 January 2016,137
B01MQ3QHE7,19 March 2017,12 November 2016,66
B008C1EZUA,1 January 2014,14 July 2012,352
B06Y3YC3Q5,30 April 2017,16 June 2016,70
B00U3T7N08,6 April 2015,6 April 2015,122
B01M2D5X26,25 January 2017,2 November 2016,2
B06Y5SYDFN,29 April 2017,28 April 2017,8
B01HMLBJTA,,,0
B01ICP7ACK,,,0
B01I1D39ZK,16 May 2017,1 December 2016,10
B072MMMX2W,8 July 2017,23 June 2016,2
B06Y5PP8Y8,29 April 2017,28 April 2017,8
B01DU4YGSY,16 June 2016,25 March 2016,16
B005MWTMPU,10 May 2017,1 November 2011,1691
B0173T76UM,8 April 2017,21 February 2016,3
B06Y696Q4V,14 June 2017,28 April 2017,4
B00005UPDF,23 March 2017,27 October 2004,500
B00TFYEQZC,18 February 2017,18 February 2017,1
B00EWJSLNI,9 October 2016,18 December 2013,15
B000S5UJRQ,25 April 2017,2 March 2009,131
B071LMN2JN,,,0
B071ZNHBKC,,,0
B01KHPG34O,21 July 2016,18 May 2016,190
B01LRNAA4E,25 January 2017,2 November 2016,2
B00DGIYJO6,17 April 2017,25 October 2013,14
B01E6H01MY,26 January 2017,14 August 2016,29
B00QU08C0O,10 October 2016,7 May 2015,4
B01MA6UBMT,30 April 2017,14 September 2016,63
B00F7UHZAG,28 June 2017,28 June 2014,44
B00LN5Z5G0,,,0
B00CGIXURO,18 June 2017,5 November 2014,4
B00J71A238,16 April 2017,1 May 2015,8
B000EOW75S,2 January 2011,14 October 2008,44
B00GY09N2G,13 June 2017,17 May 2014,23
B00D9QQIL2,6 January 2016,19 August 2014,13
B00INAOQE0,1 December 2014,1 December 2014,1
B018U6HCN8,16 March 2016,22 January 2016,125
B0053F6SY4,10 March 2016,11 December 2012,5
B005C3J4L6,22 January 2013,8 August 2012,135
B002VPE1Q6,24 May 2017,21 August 2010,174
B00IMOQNP2,21 November 2016,21 November 2016,1
B01C5ZBYUW,20 July 2016,16 May 2016,7
B019BIHR98,,,0
B0012Y4O96,1 July 2017,17 May 2011,5
B01IVQW5K2,2 July 2017,29 January 2017,10
B0081G30DY,10 May 2017,1 November 2011,1691
B009Y6OV38,14 March 2015,26 December 2013,291
B071J3ZRDS,23 May 2017,19 November 2016,49
B003Z8KJD2,8 February 2011,4 November 2010,234
B01K1PZ30A,24 April 2017,14 November 2016,26
B072M98M6T,27 June 2017,10 June 2017,11
B01AJSM8UW,6 December 2016,6 December 2016,1
B06WD5GPZP,29 June 2017,5 May 2017,2
B01M0OZAYU,19 March 2017,12 November 2016,66
B00ZLW8WP2,29 November 2016,23 April 2016,11
B00FYO2DL6,29 May 2017,23 February 2015,12
B0735LDZWG,,,0
B01C612OMC,30 April 2017,2 July 2015,262
B00L97295C,16 December 2015,16 December 2015,1
B0081GCMHY,30 March 2017,26 June 2012,230
B01N3L2IEX,3 September 2016,3 April 2016,40
B00F0IT3YG,23 March 2017,2 March 2014,31
B00H4P50M2,20 May 2017,25 August 2014,70
B0173T76W0,5 July 2017,19 May 2016,5
B01GH4MEYC,25 July 2016,28 June 2016,108
B00E0HK1MG,23 March 2017,27 October 2004,500
B01MYX3G5I,16 January 2017,25 December 2016,13
B0124M7MAW,25 March 2017,14 January 2017,2
B007487DKG,26 May 2015,26 May 2015,1
B019BU14OA,22 February 2016,14 November 2015,63
B01LW0U6MP,10 June 2017,17 January 2017,4
B01CLXV7CS,3 September 2016,3 April 2016,40
B01KO7N6NG,6 May 2017,2 November 2015,26
B01AAH1CZE,22 May 2017,15 April 2016,59
B06XHNR682,3 July 2017,22 June 2017,3
B01LRGVDAQ,1 May 2016,5 July 2015,68
B01DUB8D7C,6 May 2017,2 November 2015,26
B007T63D5M,18 May 2014,29 April 2013,66
B009X0FQNY,6 December 2016,26 December 2013,46
B00KW6GH4K,3 July 2015,15 July 2014,92
B01LFOFU3G,,,0
B01D432B88,30 May 2017,10 April 2016,33
B01HT2OKBG,27 January 2017,1 October 2016,9
B014RJGH2O,14 May 2017,12 May 2016,2
B06XYGH51Z,17 April 2017,16 April 2017,2
B00NPZZCO6,25 January 2017,9 January 2015,2
B06WGMGLTG,2 June 2017,28 March 2017,15
B01CJH7EOQ,12 April 2017,9 May 2016,12
B01DUB8D7C,6 May 2017,2 November 2015,26
B00R4VJONC,29 June 2017,4 February 2015,12
B01LZWAWBW,7 June 2017,15 November 2016,10
B01FXOCOS8,18 March 2017,13 July 2016,146
B01MY08KG2,6 May 2017,2 November 2015,26
B01FSYUDWW,15 December 2015,7 August 2015,75
B01I1ZHYVI,29 May 2017,21 September 2016,7
B0021Y57PQ,16 April 2013,26 January 2012,184
B00J4EP7P6,6 January 2017,1 April 2014,161
B01HCTU08I,3 October 2016,11 July 2016,20
B00GB2HQP8,3 October 2014,3 October 2014,1
B00DDTKYSI,31 May 2017,25 July 2013,237
B00H4P50OU,20 May 2017,25 August 2014,70
B01MZYN9WG,6 May 2017,2 November 2015,26
B0038WJXIM,3 February 2015,23 April 2010,546
B072C31PT5,,,0
B00C1FDM0W,1 September 2015,17 October 2013,38
B00RZOECGC,,,0
B00NTV5LMO,22 January 2016,22 January 2016,1
B00RWK6ORO,26 January 2017,26 January 2017,1
B06VVW4WM6,,,0
B071HY6RP3,,,0
B00VS396ZI,26 April 2017,7 February 2015,7
B01LY0V3P7,,,0
B06Y5FDQR2,29 April 2017,28 April 2017,8
B00746FN5U,25 May 2016,21 March 2012,127
B0722JQLX3,,,0
B01LDAMC8I,17 February 2017,6 December 2016,3
B00INAHZ9S,20 April 2015,20 April 2015,1
B004INL31U,7 July 2017,31 October 2014,5
B01MR8FIVV,18 April 2017,6 March 2017,5
B01725TWR2,16 February 2016,16 February 2016,1
B06XCJ316G,23 March 2017,23 March 2017,2
B00PFXEUV2,5 April 2017,25 February 2013,93
B014I8SIJY,24 April 2017,30 November 2015,2042
B01LYY45LX,14 November 2016,26 October 2016,27
B06XZXL5FD,,,0
B06VYH4FSJ,30 March 2017,12 March 2017,28
B00VTNLNJY,4 January 2016,10 December 2015,10
B010B879ZO,22 June 2017,13 August 2015,71
B01A70EF4E,6 May 2017,2 November 2015,26
B01LZVI5KF,15 May 2017,29 October 2016,66
B072K2JXCD,9 July 2017,7 July 2017,4
B010B879ZO,22 June 2017,13 August 2015,71
B01F97PA8A,24 January 2017,7 June 2016,47
B01JZF3I18,16 December 2016,8 March 2012,8
B01DY18Y5E,,,0
B00BC1AV2S,,,0
B01MDR92UH,6 March 2017,12 February 2017,3
B01HMSCNKC,,,0
B00SHB0G44,8 September 2015,8 September 2015,1
B01HYB9XAA,,,0
B012V4AKQG,25 April 2016,29 November 2015,21
B06XD28HRW,11 May 2017,31 March 2017,13
B01M5AXUCB,,,0
B01LYL7EBP,22 March 2017,18 March 2017,2
B01DJYD0AU,13 January 2017,14 August 2016,4
B0056Z1VK2,21 November 2014,11 November 2011,52
B00ENHUY4I,5 October 2016,29 June 2014,13
B06XWN6KZ8,13 February 2017,11 January 2017,80
B00KE4HVQI,12 June 2017,8 October 2014,136
B019V3WCGG,13 February 2017,25 April 2016,14
B000P1KSHO,9 September 2014,20 November 2009,388
B01LRNAAMQ,25 January 2017,2 November 2016,2
B00GUO7U8A,5 August 2016,28 November 2014,4
B014224DPE,10 June 2017,11 January 2016,4
B06XXK7Z4J,14 May 2017,10 May 2017,11
B072KNV75M,,,0
B01M03UCEP,24 January 2016,5 March 2015,51
B019BU14OA,22 February 2016,14 November 2015,63
B010B4L968,4 May 2017,3 September 2015,37
B00JJN6EVI,3 July 2015,15 July 2014,92
B0183UUYUY,29 November 2016,8 December 2015,81
B00FA2308W,,,0
B01DA5W1J4,1 July 2017,14 June 2017,2
B0084ZXJLA,29 August 2016,3 July 2014,6
B06XX6WB2Q,4 June 2017,7 May 2017,4
B014182YDM,4 January 2017,28 September 2015,13
B004WK26G0,3 October 2015,12 December 2014,7
B071S9YF71,,,0
B003TJ9ADC,26 January 2011,26 January 2011,36
B06VW4RXQ6,16 April 2017,16 April 2017,1
B007THSOV4,20 April 2017,20 November 2012,24
B008R39FKS,,,0
B06ZXXTBSY,,,0
B003879OT0,15 May 2017,23 October 2008,1106
B010TY3Q7A,16 October 2016,16 October 2016,1
B00XN1NWMG,1 January 2014,7 August 2011,53
B01C4P7X8K,26 October 2016,5 April 2016,78
B01MZYN9WG,6 May 2017,2 November 2015,26
B00O9W853Y,3 July 2015,15 July 2014,92
B00N09HLNM,25 January 2017,20 January 2015,16
B071S31W1X,2 November 2015,29 September 2015,15
B0053VPUHE,25 February 2012,24 November 2011,70
B00P89DY9C,5 July 2017,12 November 2014,4846
B07149RDS1,8 July 2017,28 January 2016,7
B01KJUGL8K,13 March 2017,13 March 2017,1
B004WK26G0,3 October 2015,12 December 2014,7
B00I8P9KAK,29 October 2016,1 March 2014,3
B00ENHSF9O,31 January 2017,7 April 2014,2
B01HYBCCMG,,,0
B071LMHW2V,,,0
B00YJUUF16,20 April 2017,3 March 2016,2
B01M3XIZCS,,,0
B01N3Q8B9X,,,0
B017TT05CM,17 June 2017,9 August 2016,6
B00W29VNTY,7 January 2016,4 July 2015,24
B00XN1NTOW,1 January 2014,7 August 2011,53
B071NGKDBZ,,,0
B00P2982YK,2 May 2017,16 March 2015,152
B00I2PFG0E,4 June 2017,8 September 2016,5
B00E8GWTVU,21 July 2014,21 July 2014,9
B06WGRXJ4R,,,0
B01G1M3XJK,17 August 2016,17 August 2016,1
B00B3I3LUO,25 March 2017,20 June 2015,34
B01HHZBEC8,27 May 2017,26 December 2016,3
B071CJT5S9,,,0
B00RWKNIFK,4 June 2016,4 November 2015,2
B01HMSE84Q,,,0
B00I8J3ME6,22 January 2017,23 January 2016,3
B00SHB2JTY,,,0
B00R2NSPWS,24 January 2016,5 March 2015,51
B071Y3RZNQ,,,0
B01LY8TB4J,30 April 2017,7 October 2016,21
B00SHB2JTY,,,0
B01M9FDH0V,,,0
B00DCX6BOQ,14 August 2015,14 August 2014,4
B0007P5FNA,10 December 2016,21 August 2006,231
B00E9UHX52,25 September 2015,29 October 2014,6
B017KA5ZZM,23 January 2016,10 December 2015,105
B01HYBAQYW,,,0
B00U8WOHGI,21 November 2016,11 October 2015,9
B000JFY3RM,14 May 2017,16 April 2009,34
B01HMLBI6E,,,0
B00DTQSV0I,5 August 2015,5 August 2015,1
B0081G1D8S,10 May 2017,1 November 2011,1691
B06ZZ5T11H,14 June 2017,28 April 2017,4
B00NPZZCGE,25 January 2017,9 January 2015,2
B008R39FKS,,,0
B01M0LEOK5,9 April 2017,16 March 2017,2
B00KIRBS1A,7 July 2016,19 October 2014,41
B0104XFMBE,5 February 2016,8 August 2015,2
B01EWU0JOA,,,0
B016ONIBCA,9 April 2017,20 November 2015,28
B00GYVPI4C,21 May 2017,15 August 2014,3
B00BBTQXOG,8 April 2017,20 August 2013,63
B06XZCCNT8,,,0
B00P2983OY,2 May 2017,16 March 2015,152
B071R85NVB,6 July 2017,11 May 2017,25
B06XPB67GK,6 April 2017,6 April 2017,15
B06ZYL1TPG,5 July 2017,5 May 2017,10
B008721WU0,,,0
B01HMSBYZW,,,0
B01F573N24,3 July 2017,3 July 2017,1
B01NBVRLQJ,,,0
B00JR2CVJU,30 May 2015,18 July 2014,176
B00IQJN6F8,18 May 2017,14 May 2015,23
B001QWS31E,6 April 2017,17 February 2012,28
B06ZYLKXGR,14 June 2017,28 April 2017,4
B06XVSVR3M,17 January 2017,31 October 2016,6
B071VC3B5C,23 June 2017,30 May 2017,5
B004WK1TZE,18 May 2017,7 September 2013,11
B00IMOR496,9 September 2015,26 October 2014,4
B015341TLG,3 January 2016,9 October 2015,90
B06X6MG2KM,14 June 2017,28 April 2017,4
B0053VPUHE,25 February 2012,24 November 2011,70
B01DA43WX4,,,0
B01LYROZWO,18 May 2017,18 January 2017,9
B01LZ4CSCN,17 January 2017,31 October 2016,6
B014222N1U,4 January 2017,13 April 2016,4
B007CV9OXO,5 August 2014,5 August 2014,1
B00I8P9QJU,18 October 2014,18 October 2014,1
B01EJ1BNJW,18 June 2017,18 June 2017,1
B00JJN6EVI,3 July 2015,15 July 2014,92
B01CEE1OPY,13 April 2017,7 June 2016,17
B06XVC8YC8,24 May 2017,7 May 2017,10
B01ITBOQ8S,,,0
B01J70NK8M,4 April 2017,26 February 2017,8
B005VCZKX4,13 December 2012,13 December 2012,18
B01GQ69CBY,,,0
B0053VPXK8,21 July 2012,16 September 2011,57
B01N7QU4TZ,12 March 2017,12 March 2017,1
B004WLOUEA,24 March 2017,26 December 2011,161
B015FUY05A,8 April 2017,16 November 2015,85
B005ERMB0G,31 October 2011,29 October 2011,362
B0711MNJ34,18 June 2017,28 May 2017,6
B0051OP9XS,4 May 2017,15 July 2012,40
B06XWMVKW5,13 February 2017,11 January 2017,80
B01F573TB4,,,0
B008A8JHTO,16 June 2017,22 April 2013,25
B00GZI5IW6,4 October 2015,9 October 2014,4
B01M5H8S06,,,0
B01BNN0PHA,,,0
B01HMSDYM8,,,0
B00TX5O4YQ,,,0
B01DWGL7N2,24 January 2017,24 January 2017,1
B00NGKLFCS,8 February 2017,8 February 2017,1
B008V75O8C,6 July 2017,15 September 2013,14
B01MS4QY9D,4 July 2017,2 April 2017,2
B01MXRPADH,7 March 2017,17 January 2017,9
B01HMSCQ3G,,,0
B0172FMIN2,,,0
B01J5KUSRA,8 July 2017,4 January 2017,4
B01FQQ1GFU,22 March 2017,11 November 2016,17
B072BP737M,,,0
B01HMSCQ3G,,,0
B0172FMIN2,,,0
B013QYYGPG,14 December 2015,24 November 2015,14
B01F5764JS,,,0
B01DAE3YL4,5 April 2017,23 July 2016,26
B01GW8QF1Q,,,0
B00KQV8PBY,29 July 2016,22 December 2015,3
B06XZXKNNH,,,0
B01LYYDDDT,,,0
B003TJ9ACI,13 September 2011,2 November 2010,54
B01MDTF6VT,,,0
B019BJ5PLY,,,0
B01HRYWKT0,,,0
B01GOLWSE4,15 December 2015,7 August 2015,75
B01MQL7PLN,,,0
B00I8P9E60,24 March 2017,24 March 2017,1
B014P07FPS,14 May 2017,22 December 2015,135
B008F0SARC,22 January 2017,20 August 2012,556
B00IMOQYJM,30 May 2017,4 April 2016,5
B01IX2RFO0,3 May 2017,3 May 2017,1
B0053VPVOG,17 November 2011,22 September 2011,56
B00JXVXHUM,,,0
B00UGK352Y,4 March 2016,8 January 2016,2
B00X96V0JM,25 March 2016,25 March 2016,1
B072QF1QGB,8 July 2017,10 June 2017,7
B06XZJ5PL7,27 November 2016,9 August 2015,23
B01J2SESXA,27 April 2017,31 August 2016,17
B01C61ULOK,30 April 2017,2 July 2015,262
B00P29839Y,2 May 2017,16 March 2015,152
B01CEE1OZE,6 January 2017,21 May 2016,11
B00NBPN2WO,4 March 2017,4 November 2016,4
B00Z9RE28U,13 April 2017,20 October 2015,9
B00751LUJW,7 April 2017,4 April 2012,42
B01J5KUSRA,8 July 2017,4 January 2017,4
B00CB1V366,22 July 2013,13 June 2013,558
B01HMSB5DS,,,0
B00KTDMTT8,18 February 2016,11 February 2015,4
B01LALEEMC,14 July 2016,18 May 2016,55
B005H6T396,7 June 2014,7 June 2014,1
B00WMEBNCQ,2 June 2016,24 November 2015,2
B0042FCA7K,22 July 2016,17 November 2010,158
B00UVMGJHU,25 April 2017,10 September 2015,9
B00BR41AM0,,,0
B009AP9D40,2 December 2013,5 November 2012,612
B01MRUSQ7O,16 June 2016,25 March 2016,16
B01A70EF4E,6 May 2017,2 November 2015,26
B01FFZ690Y,1 May 2017,6 July 2016,13
B0104XC1FO,,,0
B01J57DS1G,5 March 2017,27 January 2016,38
B00ZX1KUS8,29 May 2017,29 May 2017,1
B0174JKWS4,,,0
B01MRFLBZ1,2 May 2017,8 December 2016,8
B0194X0CCY,19 May 2017,9 January 2016,119
B01MYXVJTF,22 June 2017,26 April 2017,5
B01MFZY2ID,25 June 2017,30 January 2017,4
B01NBIQCMO,4 May 2017,7 March 2017,3
B00H2ORMCQ,23 March 2017,8 January 2016,4
B071CQLXTJ,25 June 2017,8 June 2017,2
B00XN1NQRM,1 January 2014,7 August 2011,53
B0027FFSTO,10 September 2009,27 August 2009,14
B008721W78,,,0
B00YJUPRGE,,,0
B00NBPN3IC,4 March 2017,4 November 2016,4
B005VCR384,29 December 2012,29 December 2012,1
B000779YH6,2 January 2017,25 June 2014,3
B00ZZW5FIU,15 May 2017,12 December 2015,3
B01N19H53D,20 June 2017,29 April 2017,4
B00EAMJJG0,11 May 2017,3 February 2017,2
B0172FOOIE,,,0
B003NCX900,10 December 2012,19 August 2010,3
B003CX8OWI,17 December 2014,17 December 2014,1
B00IPWDIL8,28 June 2016,30 June 2015,3
B003OSWSMS,17 March 2017,19 April 2011,3
B01JU2CDQM,8 March 2017,29 November 2016,4
B00ANKRND4,13 November 2014,15 July 2013,3
B0174JG864,,,0
B013OXYC80,9 May 2016,18 February 2016,2
B00KW6AQ3S,31 March 2017,6 November 2015,5
B071VC3B5C,23 June 2017,30 May 2017,5
B014KDTNLY,14 September 2016,24 December 2015,30
B013QYYGPG,14 December 2015,24 November 2015,14
B013OXYC80,9 May 2016,18 February 2016,2
B00KW6AQ3S,31 March 2017,6 November 2015,5
B01HMLBKMG,,,0
B004LX479W,10 August 2016,10 August 2016,1
B01JZOUW5Y,,,0
B00NNTMVN4,,,0
B008434JCK,13 May 2017,7 November 2014,5
B01N7P55J6,,,0
B01HSC1H9U,,,0
B004U4QVRI,7 October 2016,24 August 2013,4
B00MUZZQKW,,,0
B06XZDXJ71,,,0
B00J8PR6MS,,,0
B003NSIE40,1 February 2017,30 July 2011,344
B01N7F5ISN,12 February 2017,12 February 2017,21
B01JRM13P2,2 June 2017,2 June 2017,1
B000IVH0FY,22 September 2009,16 August 2007,530
B01NATVSOK,8 April 2017,16 November 2015,85
B01N34LA77,7 April 2017,14 March 2017,32
B01LFOFRN4,6 July 2017,6 July 2017,1
B00JJLCHHU,23 August 2014,23 August 2014,1
B008N29GE8,,,0
B00C1GT9PI,2 May 2017,17 June 2015,13
B01DA3A7W4,1 May 2016,1 May 2016,8
B07283H3DS,,,0
B01N5926P5,24 July 2016,15 July 2016,52
B01LCDDLUY,26 April 2017,11 October 2016,4
B007487B9Y,29 November 2016,28 November 2013,2
B014DG7XCE,,,0
B01HYA6Y58,,,0
B06XTQJF1V,13 February 2017,11 January 2017,80
B06XDN3KS9,3 July 2017,3 July 2017,1
B0143A25TQ,26 November 2015,26 November 2015,60
B01KZ7X05O,30 May 2017,17 April 2017,4
B007X65Q5I,11 November 2014,11 November 2014,1
B00BC1AUHY,,,0
B01M3XP99B,3 March 2017,14 December 2016,2
B00SJ33AIE,30 April 2015,30 April 2015,1
B00KHO8HHM,26 September 2016,26 September 2016,1
B00PFP9HWM,7 October 2016,9 March 2015,53
B072ZSYZ7D,,,0
B06XDGNSCK,,,0
B01MUJU73E,7 April 2017,14 March 2017,32
B014DH4EIE,17 December 2016,29 April 2016,2
B01D9T8E1U,29 March 2017,17 April 2016,75
B00CP9SVCI,,,0
B01HCVDNJO,17 September 2016,3 July 2016,23
B0713RT4RV,,,0
B06X1B3TCC,21 January 2014,21 December 2013,291
B0067I3XD0,5 March 2017,28 March 2012,77
B072NY2828,,,0
B01D31EA5S,7 February 2017,5 April 2016,51
B00ZR0RM3Q,1 May 2016,5 July 2015,68
B01LD3ZZQG,30 January 2017,12 July 2016,33
B07124HP1Z,2 July 2017,4 June 2017,8
B016I8E0RQ,12 November 2016,3 December 2015,35
B006AXYHTQ,29 October 2015,10 June 2013,34
B00F5U8BAG,,,0
B00KWAAULW,24 December 2016,3 June 2015,6
B01AGANVJA,3 July 2015,15 July 2014,92
B01MT7N0Q3,9 June 2017,9 June 2017,1
B000BN6KQY,9 September 2012,9 January 2009,633
B006LLR99W,15 August 2013,20 February 2012,114
B00TWKZ9CI,18 February 2017,18 February 2017,1
B01F579LXE,,,0
B009A90K84,20 June 2014,30 November 2013,39
B06XCC4W32,25 June 2017,25 June 2017,1
B01FOSM9AG,20 December 2016,21 May 2016,124
B009EU19EI,12 June 2017,11 February 2013,64
B06WW9XMYG,6 June 2017,5 January 2016,174
B000J6EVKU,10 March 2017,31 December 2011,78
B00K2ZCKCY,27 July 2016,13 July 2014,60
B01I5784T8,26 August 2016,23 August 2016,17
B00YD0RFP6,31 December 2015,6 December 2015,6
B00K6AGB34,25 March 2015,30 October 2014,13
B00BR41JD0,,,0
B01EMXQBLM,5 March 2017,15 May 2016,54
B01E5Q115W,2 June 2017,24 November 2016,3
B01J3TBKXO,10 March 2017,15 August 2016,90
B07111B33G,5 June 2017,6 July 2016,81
B01DU4YGSY,16 June 2016,25 March 2016,16
B00UTHUI8I,15 June 2017,26 October 2015,11
B00ENHUXTO,6 October 2015,14 March 2014,12
B01LA7PV28,26 April 2017,15 October 2016,4
B0173T58QG,,,0
B01KFDSCJC,,,0
B01F52D6SA,23 November 2016,23 November 2016,25
B0038VZXKK,18 October 2013,27 May 2010,234
B01M24LPLD,8 May 2017,2 February 2017,8
B072BHG7FD,,,0
B01DY6DLG6,15 March 2017,15 March 2017,1
B06XBZW3K9,,,0
B015Q41DVY,13 January 2016,22 November 2015,11
B004TD4O1A,1 February 2012,30 June 2011,149
B01ESLIPVM,7 December 2016,9 May 2016,115
B06XZNBWHC,,,0
B00NBPN3B4,4 March 2017,4 November 2016,4
B018K87FPG,9 March 2016,14 December 2015,11
B00T82QNHK,14 July 2015,10 May 2015,29
B00KJGYNIK,23 March 2017,5 February 2015,13
B06XKCJRV1,,,0
B01F983U4K,8 October 2016,11 July 2015,49
B002JPJTT2,12 August 2016,4 November 2011,17
9437549494,3 June 2016,31 May 2015,44
B01E5TSLUC,4 July 2017,8 December 2016,3
B01LZWAWBW,7 June 2017,15 November 2016,10
B01LCDDLSQ,26 April 2017,11 October 2016,4
B013OWNAIY,15 July 2016,29 October 2015,31
B06Y3WM9MW,21 June 2017,21 June 2017,1
B01L1Q27KC,21 February 2017,21 February 2017,12
B00ZRMRHS4,16 January 2016,14 October 2015,33
B00SJ24D22,1 October 2016,11 August 2015,2
B00Z0D7IRU,20 November 2014,20 November 2014,31
B01ESGDPGM,27 April 2017,16 May 2016,49
B01MXWNRVK,11 February 2017,22 December 2016,50
B00I511O9C,,,0
B00MBGXHY2,2 January 2017,23 March 2015,7
B01E6N32TW,15 October 2016,19 May 2016,25
B01DJYD032,13 January 2017,14 August 2016,4
B00QU1TDQ0,,,0
B01M9ILRIK,,,0
B00QU0VB3E,21 September 2016,1 June 2015,4
B011R3OW48,31 January 2017,21 October 2015,41
B00XGYOGCA,6 August 2015,6 August 2015,1
B01NBNYCYG,29 June 2017,18 April 2017,2
B06XY6STZ1,25 June 2017,25 June 2017,1
B071V7LWXG,,,0
B0189IOQ7C,29 September 2016,11 January 2016,9
B07192X7PX,,,0
B014I8TLS6,22 November 2016,1 December 2015,97
B008LZ74KA,11 April 2017,11 April 2017,1
B00L943H0G,14 November 2016,8 August 2015,3
B01J3T8U3M,10 March 2017,15 August 2016,90
B071D59RLK,6 July 2017,19 June 2017,5
B06XCZFXQ2,11 April 2017,20 March 2017,24
B0084ZXJTC,1 September 2015,6 July 2013,3
B008XWABR4,19 February 2013,19 February 2013,7
B00FH2EYLM,16 February 2014,26 November 2013,99
B01KH9T3QK,,,0
B01N2I8APP,,,0
B016D69S9S,22 February 2016,14 November 2015,63
B01N1U85X3,7 April 2017,16 February 2017,15
B01M3RU4KV,,,0
B01N3L19CZ,3 September 2016,3 April 2016,40
B06XSFPDBM,7 June 2017,7 June 2017,1
B00BP6ODI8,13 January 2015,4 December 2014,16
B00C1ISUVA,20 June 2017,11 September 2013,44
B01CJH7EOQ,12 April 2017,9 May 2016,12
B01KQOAFP4,15 December 2015,7 August 2015,75
B00Z9RE1L8,13 April 2017,20 October 2015,9
B01FXOCNSO,18 March 2017,13 July 2016,146
B01HGYABH4,,,0
B00JKHSSAI,15 June 2016,15 June 2016,1
B00J719XH4,24 June 2017,8 July 2015,3
B009TTWBHS,5 July 2017,5 July 2017,1
B0017RW94A,13 April 2017,18 October 2008,8682
B00JEBJJQC,21 June 2017,27 April 2014,189
B00O0V8X5E,25 June 2017,14 February 2015,22
B001TK7X1E,10 August 2016,25 June 2009,133
B01KNXSU0K,,,0
B01J3T0SEG,10 March 2017,15 August 2016,90
B01LXHCU4Z,28 June 2017,3 July 2016,26
B01KNXSU0K,,,0
B0711VDXWD,,,0
B004LWXSIE,,,0
B00XHU0W6M,,,0
B00NBPN3K0,4 March 2017,4 November 2016,4
B019Z40KD8,26 March 2017,27 January 2016,25
B00AXZE9PY,31 March 2017,30 May 2015,69
B0104XG58I,,,0
B0053VPWC2,17 October 2011,17 October 2011,43
B01M70MGLA,,,0
B007487MPW,25 June 2012,25 June 2012,16
B00LTNFILS,19 April 2017,18 February 2016,2
B01E85T57G,26 January 2017,14 August 2016,29
B009E317FG,8 April 2017,2 April 2013,320
B01LZZKQVF,23 April 2017,23 April 2017,1
B01M4ITBB6,26 April 2017,9 January 2017,2
B071KVRG48,,,0
B00PAMA2LU,13 April 2017,25 February 2015,25
B000065UOO,30 July 2002,14 May 2002,12
B00Z7800EQ,17 October 2016,23 July 2015,5
B004O3OKDW,,,0
B00NXZEC62,2 January 2017,20 January 2016,3
B07235G7TS,8 May 2016,18 April 2016,14
B015BSRTKE,29 May 2016,27 February 2016,20
B01LXHCQA2,6 May 2017,26 September 2016,19
B013Q93X2I,10 June 2016,8 April 2016,2
B072M673HN,,,0
B005LGFZV2,20 January 2016,5 October 2014,2
B00U7HL87A,29 October 2016,22 December 2015,2
B003XIMV12,30 May 2016,2 November 2011,52
B01N2I8S7W,3 June 2017,1 January 2017,3
B00E8GZ1NI,21 July 2014,21 July 2014,9
B004LWXSI4,,,0
B01GDFUT56,,,0
B00TG0OADS,,,0
B00NPZZCEG,25 January 2017,9 January 2015,2
B01JA5WC10,9 April 2017,15 April 2016,103
B01N7LXZW6,,,0
B01LCDDLWW,26 April 2017,11 October 2016,4
B017J1W1NQ,13 January 2016,17 November 2015,18
B00J9DE3IO,12 April 2017,1 June 2014,94
B002FL46IY,1 April 2017,4 September 2009,72
B01I00U6MS,,,0
B013OYTUTK,18 April 2017,14 October 2015,24
B005049HO6,,,0
B071KVRG48,,,0
B00E9UEWZG,,,0
B00BJ4VLHW,17 February 2014,17 February 2014,1
B01M27HHU5,,,0
B071Y3RZNQ,,,0
B01GOO954W,30 April 2017,24 October 2016,2
B072JLBHZF,,,0
B072M66Z96,,,0
B06XBRTXZT,,,0
B06XSJ1BKD,6 May 2017,17 April 2016,90
B071FWL6LX,,,0
B01HYBQJSE,,,0
B06XC8R1FL,,,0
B00TIJTU46,,,0
B01JAB3J0C,12 January 2017,12 January 2017,1
B06X6GRZHB,19 April 2017,26 March 2017,4
B00YTLR44G,1 May 2016,5 July 2015,68
B00YJUU7SM,11 December 2016,6 July 2015,3
B0053VPX30,9 May 2017,8 February 2012,65
B01KFDRJMS,,,0
B01ETLUUHS,15 December 2015,7 August 2015,75
B00NGL51XG,29 March 2017,27 October 2014,26
B000OQ7878,30 April 2008,2 July 2007,127
B00DCX6GUU,29 June 2015,29 June 2015,1
B007XD15CE,,,0
B00I1JQ0QK,7 September 2015,6 July 2014,17
B005VC5E4E,,,0
B01BBV486I,28 December 2016,28 December 2016,1
B00MZNUEOW,2 October 2015,2 October 2015,13
B011OQF1C0,26 June 2017,14 September 2016,5
B00I511KDM,,,0
B017WL971C,,,0
B016I341IY,2 June 2016,15 November 2015,86
B071WB3929,,,0
B06XC7C59Y,,,0
B01HONR6CA,,,0
B017WL971C,,,0
B00IWQXU0Q,4 February 2017,3 December 2014,3
B00RJ4VDS8,,,0
B01DZCF9HS,20 December 2016,28 September 2016,7
B00TFY3UJA,,,0
B0081G30CU,10 May 2017,1 November 2011,1691
B00X96N69E,21 September 2015,31 July 2015,3
B01HHXHF64,9 June 2017,9 June 2017,1
B00BP8DL1G,21 June 2017,16 April 2013,42
B01DTLSMDI,24 June 2017,20 September 2016,2
B01D0VICJQ,30 March 2017,9 October 2016,2
B01D30XDXY,7 February 2017,5 April 2016,51
B01D9UOCW4,7 March 2017,25 May 2016,6
B00YTHNDVI,15 April 2016,28 January 2016,2
B00OXTXMXQ,30 October 2015,31 May 2015,3
B00S46K25U,,,0
B06XQVSWDD,,,0
B01N4AFSHW,,,0
B00WW2V5LM,30 September 2016,30 September 2016,1
B071NGLJ3X,,,0
B01BLI2TJE,18 June 2016,21 March 2016,8
B00BHBFECU,26 March 2016,12 March 2013,569
B005IZAA9I,3 March 2015,8 August 2013,2
B0105RL7UY,,,0
B01NAYMVI1,,,0
B071FS2Q2B,,,0
B01CK7W7AQ,,,0
B005IZJF44,,,0
B01F5757SC,,,0
B00C1E4XT2,12 July 2015,11 January 2014,8
B014DH438K,11 January 2017,20 November 2016,2
B00C29KGZG,17 November 2016,4 November 2013,5
B06XK37Y87,,,0
B00JKHH0NE,,,0
B0173T7XNM,19 February 2016,19 February 2016,1
B0019VNX1C,,,0
B01008BCHQ,27 April 2017,6 June 2016,2
B071VSX54Y,,,0
B00NV5B1UE,20 November 2014,20 November 2014,31
B00L94CAJU,,,0
B00C1GWVHQ,28 July 2014,8 July 2013,8
B00BR41KFW,,,0
B01F9BMIYU,8 October 2016,11 July 2015,49
B0104XA8RM,22 March 2016,22 March 2016,1
B01AYC5UE4,2 November 2016,16 March 2016,134
B0104XE2H4,,,0
B06X1C7GMH,,,0
B01MU7KRQC,,,0
B002KDVLP8,10 September 2016,10 October 2015,5
B01HSC1TU2,,,0
B00UN3S2QI,29 July 2016,29 July 2016,1
B01HONPNM0,,,0
B01JPF6NCO,,,0
B01N4TG3DS,,,0
B00UN3S2QI,29 July 2016,29 July 2016,1
B01N3YDQP6,,,0
B01BLI6WOW,26 October 2016,25 April 2016,14
B01IFKMAOK,7 March 2017,24 September 2016,5
B00NXZ3KJC,13 March 2017,13 March 2017,1
B00UFQKYSM,9 July 2017,25 August 2015,19
B00C665T1Q,26 March 2017,1 February 2015,5
B01LXHCQA2,6 May 2017,26 September 2016,19
B00O0V9WJK,8 February 2017,31 March 2015,13
B01HYA8VMC,,,0
B00A5DA930,5 May 2017,24 January 2013,19
B01HMSBX4E,,,0
B01IEUXYAA,25 April 2016,29 November 2015,21
B009TTQU98,15 January 2017,15 January 2017,1
B06WGPF6K2,14 February 2017,14 February 2017,1
B00INAJTEM,,,0
B01HUMTGF0,6 June 2017,15 August 2016,3
B00NBPN3PK,4 March 2017,4 November 2016,4
B01BREXU86,,,0
B0006AAKCM,2 December 2015,14 February 2005,7
B00T6BT4U6,5 November 2016,6 December 2015,6
B01LAQ9LQ6,30 December 2016,13 October 2016,167
B01J70NK8M,4 April 2017,26 February 2017,8
B01EQEL64E,26 June 2017,12 September 2016,4
B01JPEVD5M,,,0
B01CK7YN1C,,,0
B071JCWPJL,,,0
B0174JLR88,1 March 2016,1 March 2016,1
B01GP05QXO,,,0
B01M1IQ7F9,15 May 2016,21 April 2016,50
B01LXTWSOB,4 July 2017,9 May 2015,39
B00J8NSFWA,23 August 2014,23 August 2014,1
B0173T3DJA,,,0
B01HMSDSD8,,,0
B00KYW66LQ,,,0
B01ITBOQ8S,,,0
B01FXW1ROC,22 May 2017,15 April 2016,59
B00Q7ORF4M,12 February 2015,14 July 2014,59
B0196E106S,30 August 2016,23 November 2015,34
B01M1RVTW3,20 January 2017,31 December 2016,4
B01LY81MTK,,,0
B00QKT4PAQ,13 March 2017,8 January 2015,15
B072KDQRJP,,,0
B00DWJIHJW,3 June 2015,9 March 2015,8
B01HZ92PBU,24 June 2017,15 August 2016,7
B07212PVVW,6 July 2017,10 June 2017,5
B00WR5GY5Q,26 April 2017,7 November 2016,5
B00025HINA,11 April 2017,8 February 2013,28
B00IWR2LL4,,,0
B01MR3JZ59,9 July 2017,14 March 2017,4
B01JR7YKUM,26 March 2017,26 March 2017,1
B071FS2LL2,,,0
B071FS29PP,,,0
B072M66V21,,,0
B01JR7YKUM,26 March 2017,26 March 2017,1
B010USDPYO,1 June 2017,1 June 2017,1
B01MYZBENU,,,0
B003XIMUYU,28 May 2017,11 June 2012,62
B01LYHA2EE,14 June 2017,3 November 2016,44
B00005KABW,1 January 2002,23 August 2001,2
B01M7PCG4G,,,0
B01I049KFS,14 July 2016,18 May 2016,55
B00J6F3IAE,24 July 2015,7 May 2014,59
B01HMSBODE,,,0
B00GYVMRZA,,,0
B002E36GWC,27 August 2012,27 August 2012,1
B01KFAQX78,,,0
B06ZYMNWYQ,,,0
B00GY09NSK,6 June 2017,23 August 2014,6
B0093G0ZBQ,11 March 2013,23 February 2013,9
B00IMOQXCU,,,0
B0056Z1VKC,20 October 2011,20 October 2011,27
B00BPSALJQ,24 February 2014,25 October 2013,17
B01EP99GWE,26 October 2016,26 October 2016,1
B00J71A2ZG,,,0
B00INANLCI,20 July 2014,20 July 2014,1
B005R02MSG,1 May 2016,15 September 2014,4
B01HMSB9L6,,,0
B071WB34N2,,,0
B06XC6RQ2K,,,0
B01HI4BJKK,11 April 2017,3 April 2015,5
B010OMPAYY,,,0
B00GYVW16K,,,0
B01EPSB62S,,,0
B00DCWXXKW,,,0
B00IMOQLTA,29 January 2015,29 January 2015,1
B06XKCSN8Z,19 December 2016,8 June 2016,9
B0015M2HPS,5 March 2015,30 July 2008,101
B000I7IHHI,12 February 2007,31 December 2006,34
B00C2AK3YO,3 January 2015,4 August 2014,10
B01DM7SG5S,27 June 2017,27 June 2017,1
B0105RL81C,,,0
B01HYA7KJW,,,0
B01GGGF1H8,,,0
B01D344PNC,12 June 2017,27 April 2017,3
B015341RTU,13 December 2015,3 November 2015,41
B06X6GQ8F5,,,0
B0105RL830,,,0
B017AUB23G,29 March 2017,11 March 2017,2
B0117L8UH0,24 March 2016,5 August 2015,2
B0056ICFFY,13 December 2012,1 December 2011,65
B01DJCDYKI,14 July 2016,18 May 2016,55
B00AXE911W,7 July 2016,2 February 2010,98
B006ZE3TDA,12 November 2014,3 October 2014,7
B015DZ5DIU,,,0
B06XC64QGD,,,0
B06XB17VB8,1 April 2017,15 March 2017,11
B014T3QLBA,9 April 2017,9 April 2017,13
B015DZ5DIU,,,0
B00JP8VWS2,18 April 2017,30 June 2015,5
B014XXVEKE,19 August 2015,4 August 2015,141
B00C1GKRFO,28 July 2013,12 July 2013,24
B00DYUIM3A,1 June 2017,11 June 2015,8
B06VVL71C1,26 February 2017,9 May 2016,30
B0136NHLGI,24 March 2017,17 August 2015,644
B002RWU9L4,1 January 2014,7 August 2011,53
B01MTL8EAG,,,0
B01J7HWDCE,22 September 2016,12 August 2016,163
B0081G3XEU,10 May 2017,1 November 2011,1691
B07289MC7Q,4 June 2016,5 November 2015,13
B01GTDXOYA,8 April 2017,8 September 2016,37
B002UL7YL0,26 May 2017,13 November 2015,3
B00KCPY5Y0,6 July 2014,25 June 2014,2788
B003CLOSHK,29 February 2016,14 September 2010,46
B00J5CRJVM,,,0
B0725KNDW9,,,0
B01MYEE2N1,2 June 2017,8 April 2017,2
B01NCL34VZ,,,0
B009B7LWVY,30 January 2016,23 September 2014,3
B00DWJILIY,3 May 2017,13 May 2015,14
B06W9F1SMW,3 May 2017,3 May 2017,1
B01DB82YUG,9 January 2017,8 April 2016,11
B06XC4TRR4,,,0
B016W26SDW,4 July 2017,9 May 2015,39
B01IP27K20,17 August 2016,17 March 2016,20
B01CHVBEHW,13 September 2016,28 March 2016,22
B06XCQZ4BR,11 May 2017,31 March 2017,13
B072J4C42H,19 June 2017,27 September 2016,25
B00I8P9IGQ,24 January 2016,21 July 2015,2
B01M69400X,,,0
B000QGI3X4,6 July 2013,6 July 2013,6
B01N7HROXE,,,0
B00TWGSZ6O,,,0
B00J4EP8QY,9 April 2016,27 June 2014,42
B01M09CQWU,,,0
B01ELE3106,5 March 2017,15 May 2016,54
B01L1CHMFQ,,,0
B00I513TB8,27 January 2016,27 January 2016,1
B01LE5KQK8,4 July 2016,4 July 2016,1
B01GP04MWK,,,0
B00H0E38JO,23 June 2017,20 July 2014,30
B01LE5J8IO,4 May 2017,16 December 2016,2
B004WK1Y36,10 May 2017,22 November 2013,6
B01DKJHSS4,6 June 2017,16 November 2007,39
B009TTWBZA,,,0
B01N8WU4VI,5 May 2017,24 May 2016,43
B01HYA88XO,,,0
B0044708SE,29 March 2017,20 November 2010,17
B00JB5O6VY,25 January 2016,25 January 2016,1
B012780BYW,14 April 2017,28 January 2016,2
B071ZFCCQ9,,,0
B016MUE804,27 September 2016,27 September 2016,1
B01L0JEEMO,9 January 2017,9 January 2017,1
B00ECWZMUK,,,0
B01DLLH7G4,1 February 2017,1 February 2017,1
B006G0UF8A,13 December 2015,25 February 2012,224
B00EQ36OSE,5 May 2017,9 February 2014,40
B00IXNLZZU,9 July 2017,22 December 2014,3
B014W9MJR6,20 November 2014,20 November 2014,31
B00VLS5NJ8,27 April 2017,27 October 2015,32
B00316263Y,6 November 2014,7 December 2011,1101
B00BSCAB76,,,0
B00JP3AU80,3 March 2017,29 December 2014,169
B06XVLSPJV,,,0
B01N7P7ZXL,,,0
B00S1N6OA8,,,0
B015WNEQTU,22 November 2015,17 October 2015,60
B019MJM2ZU,22 February 2017,11 January 2016,1269
B01FQBHXNO,31 October 2016,31 October 2016,10
B01MXNXKKN,17 January 2017,31 October 2016,6
B01DJ2P19U,23 March 2017,25 January 2016,16
B01M1KIVFI,,,0
B0046B9OTC,20 November 2015,21 December 2010,30
B06XBN92XY,,,0
B01L3HK6ZC,,,0
B01KHP8SUQ,21 July 2016,18 May 2016,190
B01N9SMGOM,9 May 2017,6 May 2017,3
B01LXUOFTY,8 December 2016,17 October 2016,18
B01HYA9B9E,,,0
B06WRS9LZK,,,0
B00N7XRRM6,29 January 2015,29 January 2015,1
B01EWVT3Q4,27 April 2017,16 May 2016,49
B014OTES46,24 April 2017,11 October 2015,296
B01HRYXZ7Q,,,0
B008AL9VXI,27 February 2014,25 July 2012,675
B009TTPADK,28 May 2017,28 May 2017,1
B00BPRIRYI,9 June 2016,20 September 2014,4
B003LO2RIU,14 March 2017,28 July 2010,449
B01FXWO1GI,22 May 2017,15 April 2016,59
B01MY95LM8,19 June 2017,5 April 2017,21
B01N5NKOYD,16 May 2017,11 March 2017,3
B01KA7XBCQ,22 June 2017,18 September 2016,3
B017W7KI28,5 July 2017,10 August 2016,7
B00E8GY0V2,21 July 2014,21 July 2014,9
B00VG1T83W,27 February 2017,27 May 2016,2
B000GPPMUW,,,0
B00A8FIQXA,12 April 2017,14 April 2014,78
B00INAI90W,10 December 2016,13 February 2015,5
B01J096MGC,7 January 2017,23 December 2016,2
B01GP042ES,,,0
B06XC61R24,,,0
B01KNENXE2,21 July 2016,18 May 2016,190
B01HJHEUWU,,,0
B01GP042ES,,,0
B00UZ339M8,6 October 2016,4 March 2016,16
B0053VPWQI,15 August 2015,7 December 2011,130
B003CWJ9B4,28 August 2012,18 March 2012,14
B003VPJZ48,5 April 2016,23 October 2010,519
B071HX55V7,23 May 2017,23 May 2017,1
B00I513USU,20 December 2016,12 October 2014,5
B01HYBAZV6,,,0
B00NBPN36O,4 March 2017,4 November 2016,4
B00L948NS2,30 January 2017,29 January 2015,5
B00S3YP40Q,,,0
B004KD9O4G,15 July 2016,30 January 2011,40
B01JB6XPE6,7 January 2017,7 January 2017,1
B0104XAFNY,8 May 2016,8 May 2016,1
B072DWS4JC,,,0
B00L424I5Q,28 August 2015,28 August 2015,1
B003DK45KA,28 December 2012,11 August 2010,2
B01HZELHT6,22 March 2017,29 August 2016,42
B01JROY89S,28 December 2016,28 December 2016,1
B06XCLYB35,11 May 2017,31 March 2017,13
B01KE0BOTQ,,,0
B06XZYW5ZM,,,0
B01LCE8MF2,4 July 2017,27 February 2017,5
B01HMLC516,,,0
B06XC8T7XZ,,,0
B01KNETZ2Q,21 July 2016,18 May 2016,190
B06Y5PP8Y8,29 April 2017,28 April 2017,8
B01HMLC516,,,0
B00IW6D4B6,29 July 2016,16 August 2015,2
B00DSDMMXY,19 April 2015,12 February 2015,2
B00RJ4VAM2,,,0
B00846UAZM,4 April 2016,20 August 2012,1729
B00HVBMVEO,,,0
B01C615DHU,6 April 2015,6 April 2015,122
B00MHTDKGS,,,0
B016FON0H4,11 June 2017,29 February 2016,3
B0081G1D92,10 May 2017,1 November 2011,1691
B00L949CK0,6 February 2017,14 April 2015,4
B0166ZLE1Q,3 May 2017,27 December 2015,3
B00AW8VS1K,25 June 2017,11 August 2014,6
B00INAPSRY,,,0
B00FF3ZFWA,2 March 2017,29 April 2014,214
B01CGLRZVC,26 May 2017,2 October 2016,2
B00NC18W7W,27 April 2017,9 January 2015,19
B00JJLPYD4,23 September 2016,26 October 2014,2
B00YJUUE8A,,,0
B00ZPQQ0JO,5 September 2015,26 July 2015,18
B01LXLW4X5,,,0
B00L94A7TK,6 February 2017,14 April 2015,4
B00U8WOVF0,7 February 2017,15 April 2016,2
B01535AP6U,,,0
B06XBZYL6W,,,0
B01KNUW6RQ,7 June 2017,7 June 2017,1
B01MXNXKKN,17 January 2017,31 October 2016,6
B071CTC9YQ,,,0
B01BBV3U12,27 February 2017,16 April 2016,6
B014XXVB5M,19 August 2015,4 August 2015,141
B00KB3A56U,,,0
B0105RL8CQ,,,0
B00YJUQLHI,20 October 2016,20 October 2016,1
B005M1LTKM,10 March 2017,18 June 2015,129
B00Y1NW07I,,,0
B002K0VBTW,27 February 2017,31 July 2011,27
B007487ZQ8,10 May 2013,10 May 2013,1
B00L945KMY,18 April 2016,18 April 2016,1
B0194NMBQ4,,,0
B00NQ9OQU2,9 July 2017,6 April 2017,36
B00BR41LTW,,,0
B00VRG3V52,15 January 2017,15 April 2015,91
B0104XG902,21 February 2017,6 February 2017,2
B004O3OLZE,,,0
B0001ZN7UY,11 October 2015,15 February 2007,20
B01FGEWSKE,7 April 2017,18 September 2016,31
B01BLJ8KKK,17 March 2017,3 September 2016,3
B00U6WR29O,11 November 2015,28 April 2015,9
B00P5JXMBK,11 April 2015,21 February 2015,2
B00P0UPVRM,8 March 2017,1 May 2015,7
B00Z66LWDW,11 May 2017,11 July 2015,1080
B06XBNBVPT,,,0
B01GN08EQM,30 April 2017,16 June 2016,70
B01MR8FIVV,18 April 2017,6 March 2017,5
B017US9BZE,13 December 2015,25 November 2015,55
B009GTJC0K,,,0
B018QPMOO0,11 April 2017,3 April 2015,5
B008NUOLSG,28 July 2015,28 July 2015,1
B00QU0V666,3 November 2015,16 July 2015,4
B01N6WUK3M,,,0
B01KHT1MWI,1 October 2016,30 September 2016,253
B005IZA25U,,,0
B01L0YT0NC,17 June 2016,16 January 2016,6
B0011E8RSQ,29 September 2012,3 November 2011,24
B00CLH3SKO,21 January 2016,27 September 2013,3
B01KQH362U,,,0
B01HMSCP1O,,,0
B01D5H8ZI8,15 April 2017,23 November 2016,45
B01CHVTDJS,13 September 2016,28 March 2016,22
B00F27X7G0,,,0
B01HSC0Q7E,,,0
B01M5B39PA,,,0
B06Y45QMMS,,,0
B0144PY2NM,26 November 2015,26 November 2015,60
B01L45BZ8U,,,0
B072JJ99PB,,,0
B0721Y8SZ6,5 July 2017,5 July 2017,1
B00IUMGSN8,23 December 2014,13 September 2014,2
B06XC8S9S8,,,0
B013UVPCSK,20 June 2017,22 October 2016,6
B00FJ2EN48,8 July 2017,11 May 2017,2
B00E8GYAOE,21 July 2014,21 July 2014,9
B01JU1Q9ZE,8 March 2017,29 November 2016,4
B017FH8KDE,30 March 2017,4 July 2015,1602
B00GYVWFYS,,,0
B01K7FU9XK,22 June 2017,1 December 2016,2
B005VCVKYW,,,0
B01K7HYLOQ,28 June 2017,20 October 2016,11
B01HRLS49S,22 April 2017,26 January 2017,2
B000255J4K,3 May 2005,3 May 2005,1
B00VLLN44G,23 February 2017,24 July 2015,24
B00LM4IJ60,13 January 2017,28 October 2014,567
B01N11TZGT,23 June 2017,8 March 2017,44
B01ESUQ7HW,27 November 2016,9 August 2015,23
B00QU1UFKS,27 January 2016,27 January 2016,1
B0096KGKN6,5 January 2017,30 December 2014,9
B072BCDV1G,,,0
B01HRYXLUM,31 December 2016,31 December 2016,1
B071YBSJS7,19 June 2017,19 June 2017,1
B007XAZ6IQ,30 March 2016,28 October 2012,6
B014XXV9TU,19 August 2015,4 August 2015,141
B01FMJGKOS,7 May 2017,29 August 2016,3
B01N7T2RM6,8 July 2017,30 March 2017,19
B07211XNZQ,13 February 2017,11 January 2017,80
B071JBJXGG,,,0
B06XC8Q57D,,,0
B0035PJ9QS,12 May 2017,8 March 2013,40
B071LDQRMQ,30 June 2017,6 June 2017,27
B01GU4HUHA,,,0
B00ICP46KK,,,0
B000Q8L49C,21 June 2017,5 June 2011,102
B01H3XX666,2 April 2017,28 October 2016,13
B01KFAQYRW,,,0
B071R3JYFH,,,0
B00ENHUYL6,1 January 2014,7 August 2011,53
B0056EXUWA,22 June 2017,27 December 2013,28
B01033D1R2,30 March 2017,4 July 2015,1602
B0018PRXWE,4 November 2008,17 July 2008,185
B016CV506O,13 June 2016,30 July 2015,33
B000QDENXG,13 November 2007,13 November 2007,40
B00NPZZCNW,25 January 2017,9 January 2015,2
B00YGHOO5K,27 March 2017,27 March 2017,1
B015GBGO0M,27 December 2016,24 November 2016,2
B010NE3QHQ,4 May 2017,11 August 2015,864
B00ECWY1U2,7 June 2015,7 June 2015,1
B06XZGZDQ3,,,0
B010NE3U2M,4 May 2017,11 August 2015,864
B005IZJJSQ,5 March 2014,26 December 2012,3
B00JP93ETQ,18 April 2017,30 June 2015,5
B00ENHS1Q6,6 August 2014,23 March 2014,17
B0173T79YU,,,0
B06XC6RPRB,,,0
B0719PGHJ1,30 June 2017,6 June 2017,27
B06XD28HRW,11 May 2017,31 March 2017,13
B01N46VHN9,19 June 2017,19 May 2017,5
B00H9CRSIY,,,0
B01LDAMCG0,17 February 2017,6 December 2016,3
B00BEXT166,28 June 2015,22 May 2015,2
B005IZJEUY,17 August 2014,17 August 2014,1
B00IMOQLDQ,5 August 2015,5 August 2015,1
B01C3TKC3A,24 June 2017,21 May 2017,3
B0104X9JB8,,,0
B071S9YHW4,,,0
B0032OFDXK,17 June 2015,19 May 2011,12
B00NV5B1CM,20 November 2014,20 November 2014,31
B01EHAAHOW,14 January 2017,23 July 2016,86
B00UJJ0X72,31 January 2016,21 June 2015,23
B004L4IMLU,,,0
B00WUBJAFS,7 March 2017,28 November 2015,12
B000FML9NA,15 January 2012,8 August 2006,3
B00ICOP5FG,,,0
B01NARRB0K,21 May 2017,23 March 2017,3
B00CSL5P1S,15 April 2017,10 December 2015,3
B0061E13IC,9 February 2017,24 February 2012,205
B01B8TWEPA,15 April 2016,15 April 2016,8
B01LE5J5LO,17 June 2016,16 January 2016,6
B00IWQXEDY,,,0
B01F56S9OC,,,0
B003YVYOPY,18 October 2011,22 December 2010,16
B01N36XVGO,,,0
B01N19H53D,20 June 2017,29 April 2017,4
B06Y5FDQR2,29 April 2017,28 April 2017,8
B00YJUQ83A,,,0
B071P78N57,,,0
B01MY9ZLE5,,,0
B00JP8H600,18 April 2017,30 June 2015,5
B00LM2Y2U4,15 October 2016,24 September 2015,503
B00FGR4VZC,,,0
B00MUTJO5G,,,0
B06XFV75GC,29 March 2016,23 April 2012,16
B01KLKQN9U,1 June 2017,18 October 2016,50
B0006GVBCE,27 August 2015,26 July 2013,4
B071YNLXL8,20 June 2017,20 June 2017,1
B00EXOSQGO,,,0
B009TTP8L4,17 March 2017,15 December 2016,2
B00JKGHV5M,30 June 2017,7 August 2015,13
B00I511RTO,,,0
B007PONQYG,8 April 2017,9 March 2013,4
B01N2LHVYW,,,0
B01E9Q5FJ6,,,0
B01N2LMPFS,4 June 2017,4 June 2017,1
B017NE35KC,24 December 2016,24 December 2016,1
B0144TVJO8,14 January 2016,13 October 2015,185
B00WMLO4WU,,,0
B01JBD9K98,28 December 2016,16 October 2016,20
B00TZC8WBS,,,0
B01LX6H9AQ,,,0
B01N3TUSRU,7 July 2017,24 June 2017,2
B01E5TSLUC,4 July 2017,8 December 2016,3
B002KKT9LO,23 October 2016,14 February 2013,50
B00NPZZCF0,25 January 2017,9 January 2015,2
B015341TJS,23 July 2016,2 November 2015,62
B01BOYX1YM,31 October 2016,15 July 2016,2
B00DZKVY2U,16 January 2015,19 June 2014,6
B00SJ1V0QK,,,0
B071RVNTFP,,,0
B00Y0OSPO0,,,0
B00UGK34GQ,10 March 2016,26 May 2015,25
B000JC9DWU,26 August 2010,6 June 2007,15
B001RJU4TA,,,0
B00O0UZQ9G,20 May 2016,8 December 2014,15
B00NPYY5HW,17 May 2016,17 May 2016,1
B00W293T5A,8 October 2016,11 July 2015,49
B00T7S7DUG,11 March 2017,3 May 2015,116
B01DLL7MDM,1 February 2017,1 February 2017,1
B01NC0IBSC,2 June 2017,8 April 2017,2
B01EHPSG22,3 July 2015,15 July 2014,92
B00APV8ML8,27 December 2013,23 February 2013,781
B01CN39HZU,,,0
B072NYWZJH,23 June 2017,26 May 2017,41
B00EX4R5RK,10 April 2016,3 February 2014,2
B00XVTJKCQ,14 May 2017,28 October 2014,1241
B00B2HOY4S,1 December 2016,3 September 2015,57
B07173RQ5P,13 June 2017,10 June 2017,3
B072FHV7NV,,,0
B01FJJP600,,,0
B072QF1QGB,8 July 2017,10 June 2017,7
B00MUZZQFC,,,0
B00IICDXK6,26 June 2015,16 November 2014,2
B01M0LC34D,,,0
B0174JBS8M,,,0
B00J9AZL4M,23 August 2014,23 August 2014,1
B00L5AJ06E,30 November 2016,26 January 2010,4023
B00BN9CH26,1 March 2016,10 July 2015,14
B00Z3DWLAG,,,0
B00CZA86GS,21 May 2017,28 November 2013,30
B01FGVS0SQ,,,0
B06XZTLNWX,,,0
B006LKO3YC,17 March 2014,15 April 2012,131
B002M9Z2WI,8 October 2016,4 February 2010,20
B013OXY3XO,,,0
B000179LWK,,,0
B01AHNGQCU,26 April 2017,16 October 2016,3
B01GDYKBO6,2 May 2017,14 June 2016,25
B01MDLEQUN,,,0
B01F5754XA,,,0
B00RC5FBXM,15 December 2015,7 August 2015,75
B0173T6DWE,,,0
B00D2VRBDS,25 March 2017,30 September 2013,89
B012B5U3LC,3 December 2015,14 September 2015,2
B007JO9MPY,,,0
B072Q5JWLQ,,,0
B00ITPG1BK,6 February 2017,2 December 2016,2
B012B5U3LC,3 December 2015,14 September 2015,2
B00INAIEB6,,,0
B01HOEQ0AS,25 March 2017,25 March 2017,1
B00I3LTQ9O,27 March 2017,9 July 2017,13021
B01F56V912,,,0
B01HYA6MYG,,,0
B01AS3BWW8,31 December 2016,31 December 2016,1
B00D2S5RDC,27 August 2014,27 August 2014,1
B01G9YQ9NC,17 March 2017,14 February 2017,12
B00IUMFME4,,,0
B01G82ENR4,30 September 2016,18 June 2016,78
B01D85KGA2,15 November 2016,15 November 2016,1
B00I7RNVR2,12 May 2017,28 April 2014,32
B01EFQU0F4,18 February 2017,25 April 2016,13
B00BR41K48,20 October 2013,20 October 2013,8
B071JTSK6T,13 February 2017,11 January 2017,80
B002L5ZRNW,20 October 2013,20 October 2013,1
B009ZL3192,,,0
B006VBUMGE,,,0
B071RR5TF7,,,0
B00ISQASOG,17 May 2016,11 April 2016,2
B0713YDZV4,13 June 2017,8 June 2016,4
B00BLVN0KE,16 December 2016,17 August 2012,20
B01HMLBXSM,,,0
B00MWRZFP4,20 May 2017,14 April 2015,31
B01LXTWSOB,4 July 2017,9 May 2015,39
B01D30XDXY,7 February 2017,5 April 2016,51
B00O7UDID0,24 May 2017,25 October 2009,29
B002K0R5WO,18 May 2017,8 August 2013,9
B00E9YWI8K,,,0
B00J9B23F6,,,0
B00P1WQHQ8,14 May 2017,28 October 2014,1241
B003CWPAG2,8 August 2011,8 August 2011,1
B016GEMCMC,11 January 2017,30 June 2016,3
B01F56XH8K,,,0
B0018BTP7O,13 October 2008,1 August 2008,369
B01G1NIU4C,,,0
B004IZ1DMC,,,0
B00DX7GLW8,2 March 2017,8 October 2013,483
B01FEZRGPC,27 March 2017,23 June 2016,18
B01LD9JUIO,,,0
B00UI05OQW,9 November 2015,11 July 2015,13
B01EX9KK6M,,,0
B002RWY4HE,26 April 2015,8 September 2010,5
B00H7HRJX0,,,0
B00CQOSRM6,5 December 2016,5 December 2016,1
B00ENHSE3Q,21 January 2015,22 March 2014,6
B005L0Y5CS,25 May 2010,11 January 2010,93
B00L949A1G,30 January 2017,29 January 2015,5
B019372U4Y,20 March 2017,13 August 2015,12
B00OZJU0XO,18 November 2016,2 June 2015,103
B01MQQ721O,22 January 2017,27 December 2016,26
B01M8FLMKK,14 June 2017,16 November 2016,27
B07212PVVW,6 July 2017,10 June 2017,5
B00OZJU0XO,18 November 2016,2 June 2015,103
B01N3TUSRU,7 July 2017,24 June 2017,2
B01N0XSFY6,,,0
B00FAN99P4,,,0
B007WBZP7S,,,0
B01686EWGM,23 March 2017,25 March 2016,3
B00XBEMP4Q,2 May 2017,9 December 2015,10
B01N8XYY3K,21 April 2017,21 April 2017,1
B00GAZM3B8,11 April 2015,7 December 2013,8
B01M8I3ZNU,,,0
B0006BC3ZS,,,0
B06XZ2V7XZ,12 June 2017,17 April 2017,27
B00F5U8CAA,4 December 2016,23 May 2014,7
B072DTLWPK,,,0
B071S9YFGF,,,0
B00YJUP3K4,,,0
B00NEYPWGG,27 March 2017,9 July 2017,13021
B0104XHT2O,,,0
B0104XE22Y,,,0
B00DX7EXZK,5 January 2016,24 July 2013,188
B01GSEBI5M,,,0
B01HYA8TV0,,,0
B002UKZ904,13 December 2016,13 December 2016,1
B00FANHVA4,,,0
B01EWWHU7M,13 June 2017,16 May 2016,78
B01CGLRZVC,26 May 2017,2 October 2016,2
B01FS0TMQE,23 June 2017,16 February 2017,3
B01FQP0JZO,8 April 2017,22 November 2016,3
B01F57AVTM,,,0
B010DCSHCW,,,0
B016C85B6G,,,0
B00871TI0C,8 October 2014,8 October 2014,1
B01CUM2BFM,,,0
B00RJ4VFC2,14 November 2016,6 January 2016,5
B00J8LWQTK,,,0
B00S4633TW,4 March 2016,4 March 2016,1
B01KLDQIJM,,,0
B01G6L0DYE,6 March 2017,6 March 2017,1
B01E3G56Y6,,,0
B01AHRWFBC,11 June 2017,30 March 2016,28
B0174JGD14,,,0
B00NV5BPSC,21 August 2016,6 March 2015,3
B00S8I2ODM,4 November 2015,16 October 2015,7
B01DL0U9A6,,,0
B00J8LYUZ8,10 April 2015,10 April 2015,1
B01F571QX2,,,0
B072M4PP2T,,,0
B0087SWZSW,22 January 2017,17 November 2012,4
B06XSPSPPJ,17 June 2017,23 March 2017,3
B01L45CJPS,,,0
B00005QFCJ,28 April 2017,16 August 2010,28
B01M1CHBX4,19 March 2017,12 November 2016,66
B00OZJU0XO,18 November 2016,2 June 2015,103
B01B2KFSTO,16 June 2016,25 March 2016,16
B00005QFCJ,28 April 2017,16 August 2010,28
B01F57AAVG,,,0
B01FF12WOU,22 January 2017,22 January 2017,1
B001TKDOR6,10 August 2016,25 June 2009,133
B0055YY1IS,12 May 2012,17 April 2012,2
B01HGYA9XK,,,0
B01LXC8QLN,,,0
B01HAV9JCQ,25 January 2017,10 August 2016,76
B003Z8KJD2,8 February 2011,4 November 2010,234
B00NBPN2S8,4 March 2017,4 November 2016,4
B01N3S2O59,,,0
B00MUZZQDE,,,0
B00L9E7GFS,11 November 2014,11 November 2014,1
B00U82PF3M,,,0
B01ELWQTH0,22 July 2016,17 November 2010,158
B01M4IXJQ9,,,0
B00IMOQMO4,,,0
B071RMGY6W,,,0
B072HHD3CF,,,0
B010C4TDSI,22 July 2016,25 June 2016,2
B00UDEJ414,15 March 2016,16 March 2015,213
B010HHT4Z2,30 March 2017,4 July 2015,1602
B00264GMOG,24 May 2014,24 May 2014,1
B0000TEV7Y,19 February 2004,11 January 2004,18
B01LYY45LX,14 November 2016,26 October 2016,27
B06Y3YC3Q5,30 April 2017,16 June 2016,70
B071S5Q62J,30 June 2017,6 June 2017,27
B06XCDTLKD,15 May 2017,15 May 2017,1
B00BJG652Q,10 April 2017,11 May 2013,1098
B007NXAD5O,31 March 2017,6 July 2012,804
B00TWW583Q,30 April 2017,2 July 2015,263
B06XCDTLKD,15 May 2017,15 May 2017,1
