B06XCDTLKD,15 May 2017,15 May 2017
B00BJG652Q,10 April 2017,11 May 2013
B007NXAD5O,31 March 2017,6 July 2012
B00TWW583Q,30 April 2017,2 July 2015
B00FE83AN2,21 October 2014,6 February 2014
B01B4WNAZ4,13 March 2017,27 March 2016
B00FLPF4YG,21 January 2014,21 December 2013
B00HIHUJYA,22 February 2015,20 March 2014
B01CQAOJ80,15 January 2016,29 October 2014
B07176QFYF,3 July 2017,12 June 2017
B01326XJW4,8 April 2017,16 April 2014
B00LCVLLJA,21 March 2017,31 July 2014
B01326XJSI,8 April 2017,16 April 2014
B00JTQTJHG,20 May 2016,15 August 2014
B009VX5HT6,15 May 2017,31 March 2013
B01NAHB3AK,25 May 2017,10 August 2015
B01AAH1D80,7 June 2017,22 March 2016
B01BQ532KW,8 February 2017,8 February 2017
B01AFWKC8C,6 July 2017,25 January 2016
B01F2SJZ6Y,4 July 2017,27 June 2017
B003J33YKI,12 March 2017,20 September 2010
B0118UVPI6,25 May 2017,10 August 2015
B00QNDZIXW,31 January 2017,12 August 2015
B009S4RO8A,16 May 2015,2 August 2014
B019F8BA5Q,6 March 2017,13 May 2016
B06XSHSGL2,6 May 2017,17 April 2016
B01ARQMUE0,21 June 2017,21 September 2016
B01LXMURK6,20 May 2016,15 August 2014
B01N74PB7S,8 May 2017,1 January 2017
B071HTQ74Z,18 June 2017,27 April 2016
B009VX2S6Q,17 June 2017,26 November 2012
B0106BH0UA,19 March 2017,8 July 2015
B01AAH1CYA,24 November 2016,9 March 2016
B071D59RLK,6 July 2017,19 June 2017
B072FQSDWY,9 June 2017,9 June 2017
B072LTLVZK,30 June 2017,6 June 2017
B01KNETZ2Q,21 July 2016,18 May 2016
B01J3TBKXO,10 March 2017,15 August 2016
B00QU0VN3M,20 June 2017,5 August 2016
B00PYEP6HO,9 January 2016,10 February 2015
B01GN08EQM,30 April 2017,16 June 2016
B0719PGHJ1,30 June 2017,6 June 2017
B00JE7Y9HK,15 May 2016,21 May 2014
B01K1XCFQ2,15 May 2017,6 December 2016
B01MRFLBZ1,2 May 2017,8 December 2016
B01M5AYFW4,1 July 2017,14 November 2016
B00JTQTJIA,20 May 2016,15 August 2014
B0174JFQ6M,11 June 2017,11 June 2017
B000CM47KU,27 April 2017,20 January 2011
B01KH9ELWQ,24 March 2017,19 October 2016
B01B8U7JW2,18 March 2017,5 February 2016
B06XCJBSYQ,21 March 2017,26 May 2016
B01G07HI06,30 November 2016,18 June 2016
B01C5NH3CM,18 April 2017,26 June 2016
B01B8U7JW2,18 March 2017,5 February 2016
B01K1XYYJ8,15 May 2017,6 December 2016
B01C5RO7E0,31 March 2017,6 July 2012
B00I8P9MDA,28 September 2014,30 July 2014
B06XCZFXQ2,11 April 2017,20 March 2017
B005Y37QNC,10 December 2015,4 November 2015
B00H4P50OK,14 June 2014,21 April 2014
B008F5QI30,22 October 2014,11 April 2013
B00P2984SE,2 May 2017,16 March 2015
B0099EXTMO,17 June 2017,26 November 2012
B071CTC7DD,,
B01CHHBWQE,5 March 2017,14 April 2016
B01J3T8U3M,10 March 2017,15 August 2016
B01J3T0SEG,10 March 2017,15 August 2016
B071LDQRMQ,30 June 2017,6 June 2017
B007PZPH4M,3 January 2017,25 September 2012
B01N31H83V,15 June 2017,15 February 2017
B00FB1RA92,17 June 2017,26 November 2012
B01KHCY7NG,30 April 2017,14 September 2016
B06Y4P9P4V,30 April 2017,14 September 2016
B000TQ49OI,13 June 2017,17 August 2011
B01KHPG34O,21 July 2016,18 May 2016
B06XWCR26H,16 June 2017,13 May 2017
B00H4P52DO,14 June 2014,21 April 2014
B0722TVW55,10 April 2017,25 May 2016
B00QM8VEJA,5 July 2017,31 August 2014
B06Y5SYDFN,29 April 2017,28 April 2017
B01KNENXE2,21 July 2016,18 May 2016
B007NCJDM4,19 October 2016,24 June 2012
B01LXFX4RX,19 March 2017,12 November 2016
B01HE792R8,26 May 2016,15 March 2016
B01N0A44VZ,,
B001GRNS32,15 May 2017,23 October 2008
B01FOSM9BU,20 December 2016,21 May 2016
B01KWQRV7Q,30 April 2017,14 September 2016
B071S5Q62J,30 June 2017,6 June 2017
B00JY1C4UU,4 February 2017,15 September 2016
B01KNUW6RQ,7 June 2017,7 June 2017
B01M1CHBX4,19 March 2017,12 November 2016
B00L5IE9L2,14 January 2015,14 January 2015
B01LXOKMGG,28 February 2017,5 December 2016
B0104X9GFC,15 March 2016,15 March 2016
B00H4P50NQ,20 May 2017,25 August 2014
B0174JCRPU,26 June 2017,20 May 2016
B01KHP8SUQ,21 July 2016,18 May 2016
B01H65ZGL4,4 June 2017,11 January 2017
B06XWSGV7L,27 May 2017,6 May 2017
B00RZUA75G,,
B01HRL3KXS,29 May 2017,21 September 2016
B00DGIZ40Y,19 January 2016,2 September 2013
B01HI1HWWM,17 April 2017,17 April 2017
B01J2QCVOU,27 April 2017,31 August 2016
B01NA6K7TL,17 June 2017,20 December 2016
B01KO7N6NG,6 May 2017,2 November 2015
B008UOOGDA,13 October 2016,3 November 2012
B01BVD8Q4Q,25 May 2016,21 March 2012
B00YD057KQ,21 January 2016,18 October 2015
B00TFXBKK2,28 June 2017,22 June 2017
B0711C7HC5,,
B01KK03CDQ,3 June 2017,2 December 2016
B06XK8W9T3,,
B0042RWWTE,8 December 2016,30 November 2010
B0194X0CCY,19 May 2017,9 January 2016
B00DGIZJ86,24 November 2014,26 November 2013
B00QU08FB0,21 July 2016,9 April 2015
B01DW934V2,13 May 2017,29 July 2016
B01MTYS475,30 June 2017,26 January 2017
B00R4VJ8EC,26 April 2017,5 May 2016
B00FYNKCVU,24 April 2016,26 March 2015
B000MMLOME,9 December 2016,24 April 2016
B00VG1TCE2,8 March 2017,12 December 2015
B01GFHLG72,10 May 2017,18 June 2016
B00IXNMN60,9 September 2016,10 November 2015
B00OHOH4IQ,4 June 2016,16 November 2014
B01C61ED12,31 March 2017,6 July 2012
B015J28B2W,7 March 2017,19 December 2015
B00O1GUD4W,11 January 2016,11 January 2015
B01MY6T0YN,9 June 2017,9 June 2017
B01MQV3F8U,12 March 2017,17 December 2016
B071ZFCCQ9,,
B0087SWZSW,22 January 2017,17 November 2012
B000ID37EA,17 March 2017,8 October 2013
B00L1DTOGG,29 September 2014,30 July 2014
B06XQW89L9,6 July 2017,10 June 2017
B01MU43KP5,13 February 2017,11 January 2017
B0195U67O8,8 February 2017,18 January 2016
B01MQ3QHE7,19 March 2017,12 November 2016
B008C1EZUA,1 January 2014,14 July 2012
B06Y3YC3Q5,30 April 2017,16 June 2016
B00U3T7N08,6 April 2015,6 April 2015
B01M2D5X26,25 January 2017,2 November 2016
B06Y5SYDFN,29 April 2017,28 April 2017
B01HMLBJTA,,
B01ICP7ACK,,
B01I1D39ZK,16 May 2017,1 December 2016
B072MMMX2W,8 July 2017,23 June 2016
B06Y5PP8Y8,29 April 2017,28 April 2017
B01DU4YGSY,16 June 2016,25 March 2016
B005MWTMPU,10 May 2017,1 November 2011
B0173T76UM,8 April 2017,21 February 2016
B06Y696Q4V,14 June 2017,28 April 2017
B00005UPDF,23 March 2017,27 October 2004
B00TFYEQZC,18 February 2017,18 February 2017
B00EWJSLNI,9 October 2016,18 December 2013
B000S5UJRQ,25 April 2017,2 March 2009
B071LMN2JN,,
B071ZNHBKC,,
B01KHPG34O,21 July 2016,18 May 2016
B01LRNAA4E,25 January 2017,2 November 2016
B00DGIYJO6,17 April 2017,25 October 2013
B01E6H01MY,26 January 2017,14 August 2016
B00QU08C0O,10 October 2016,7 May 2015
B01MA6UBMT,30 April 2017,14 September 2016
B00F7UHZAG,28 June 2017,28 June 2014
B00LN5Z5G0,,
B00CGIXURO,18 June 2017,5 November 2014
B00J71A238,16 April 2017,1 May 2015
B000EOW75S,2 January 2011,14 October 2008
B00GY09N2G,13 June 2017,17 May 2014
B00D9QQIL2,6 January 2016,19 August 2014
B00INAOQE0,1 December 2014,1 December 2014
B018U6HCN8,16 March 2016,22 January 2016
B0053F6SY4,10 March 2016,11 December 2012
B005C3J4L6,22 January 2013,8 August 2012
B002VPE1Q6,24 May 2017,21 August 2010
B00IMOQNP2,21 November 2016,21 November 2016
B01C5ZBYUW,20 July 2016,16 May 2016
B019BIHR98,,
B0012Y4O96,1 July 2017,17 May 2011
B01IVQW5K2,2 July 2017,29 January 2017
B0081G30DY,10 May 2017,1 November 2011
B009Y6OV38,14 March 2015,26 December 2013
B071J3ZRDS,23 May 2017,19 November 2016
B003Z8KJD2,8 February 2011,4 November 2010
B01K1PZ30A,24 April 2017,14 November 2016
B072M98M6T,27 June 2017,10 June 2017
B01AJSM8UW,6 December 2016,6 December 2016
B06WD5GPZP,29 June 2017,5 May 2017
B01M0OZAYU,19 March 2017,12 November 2016
B00ZLW8WP2,29 November 2016,23 April 2016
B00FYO2DL6,29 May 2017,23 February 2015
B0735LDZWG,,
B01C612OMC,30 April 2017,2 July 2015
B00L97295C,16 December 2015,16 December 2015
B0081GCMHY,30 March 2017,26 June 2012
B01N3L2IEX,3 September 2016,3 April 2016
B00F0IT3YG,23 March 2017,2 March 2014
B00H4P50M2,20 May 2017,25 August 2014
B0173T76W0,5 July 2017,19 May 2016
B01GH4MEYC,25 July 2016,28 June 2016
B00E0HK1MG,23 March 2017,27 October 2004
B01MYX3G5I,16 January 2017,25 December 2016
B0124M7MAW,25 March 2017,14 January 2017
B007487DKG,26 May 2015,26 May 2015
B019BU14OA,22 February 2016,14 November 2015
B01LW0U6MP,10 June 2017,17 January 2017
B01CLXV7CS,3 September 2016,3 April 2016
B01KO7N6NG,6 May 2017,2 November 2015
B01AAH1CZE,22 May 2017,15 April 2016
B06XHNR682,3 July 2017,22 June 2017
B01LRGVDAQ,1 May 2016,5 July 2015
B01DUB8D7C,6 May 2017,2 November 2015
B007T63D5M,18 May 2014,29 April 2013
B009X0FQNY,6 December 2016,26 December 2013
B00KW6GH4K,3 July 2015,15 July 2014
B01LFOFU3G,,
B01D432B88,30 May 2017,10 April 2016
B01HT2OKBG,27 January 2017,1 October 2016
B014RJGH2O,14 May 2017,12 May 2016
B06XYGH51Z,17 April 2017,16 April 2017
B00NPZZCO6,25 January 2017,9 January 2015
B06WGMGLTG,2 June 2017,28 March 2017
B01CJH7EOQ,12 April 2017,9 May 2016
B01DUB8D7C,6 May 2017,2 November 2015
B00R4VJONC,29 June 2017,4 February 2015
B01LZWAWBW,7 June 2017,15 November 2016
B01FXOCOS8,18 March 2017,13 July 2016
B01MY08KG2,6 May 2017,2 November 2015
B01FSYUDWW,15 December 2015,7 August 2015
B01I1ZHYVI,29 May 2017,21 September 2016
B0021Y57PQ,16 April 2013,26 January 2012
B00J4EP7P6,6 January 2017,1 April 2014
B01HCTU08I,3 October 2016,11 July 2016
B00GB2HQP8,3 October 2014,3 October 2014
B00DDTKYSI,31 May 2017,25 July 2013
B00H4P50OU,20 May 2017,25 August 2014
B01MZYN9WG,6 May 2017,2 November 2015
B0038WJXIM,3 February 2015,23 April 2010
B072C31PT5,,
B00C1FDM0W,1 September 2015,17 October 2013
B00RZOECGC,,
B00NTV5LMO,22 January 2016,22 January 2016
B00RWK6ORO,26 January 2017,26 January 2017
B06VVW4WM6,,
B071HY6RP3,,
B00VS396ZI,26 April 2017,7 February 2015
B01LY0V3P7,,
B06Y5FDQR2,29 April 2017,28 April 2017
B00746FN5U,25 May 2016,21 March 2012
B0722JQLX3,,
B01LDAMC8I,17 February 2017,6 December 2016
B00INAHZ9S,20 April 2015,20 April 2015
B004INL31U,7 July 2017,31 October 2014
B01MR8FIVV,18 April 2017,6 March 2017
B01725TWR2,16 February 2016,16 February 2016
B06XCJ316G,23 March 2017,23 March 2017
B00PFXEUV2,5 April 2017,25 February 2013
B014I8SIJY,24 April 2017,30 November 2015
B01LYY45LX,14 November 2016,26 October 2016
B06XZXL5FD,,
B06VYH4FSJ,30 March 2017,12 March 2017
B00VTNLNJY,4 January 2016,10 December 2015
B010B879ZO,22 June 2017,13 August 2015
B01A70EF4E,6 May 2017,2 November 2015
B01LZVI5KF,15 May 2017,29 October 2016
B072K2JXCD,9 July 2017,7 July 2017
B010B879ZO,22 June 2017,13 August 2015
B01F97PA8A,24 January 2017,7 June 2016
B01JZF3I18,16 December 2016,8 March 2012
B01DY18Y5E,,
B00BC1AV2S,,
B01MDR92UH,6 March 2017,12 February 2017
B01HMSCNKC,,
B00SHB0G44,8 September 2015,8 September 2015
B01HYB9XAA,,
B012V4AKQG,25 April 2016,29 November 2015
B06XD28HRW,11 May 2017,31 March 2017
B01M5AXUCB,,
B01LYL7EBP,22 March 2017,18 March 2017
B01DJYD0AU,13 January 2017,14 August 2016
B0056Z1VK2,21 November 2014,11 November 2011
B00ENHUY4I,5 October 2016,29 June 2014
B06XWN6KZ8,13 February 2017,11 January 2017
B00KE4HVQI,12 June 2017,8 October 2014
B019V3WCGG,13 February 2017,25 April 2016
B000P1KSHO,9 September 2014,20 November 2009
B01LRNAAMQ,25 January 2017,2 November 2016
B00GUO7U8A,5 August 2016,28 November 2014
B014224DPE,10 June 2017,11 January 2016
B06XXK7Z4J,14 May 2017,10 May 2017
B072KNV75M,,
B01M03UCEP,24 January 2016,5 March 2015
B019BU14OA,22 February 2016,14 November 2015
B010B4L968,4 May 2017,3 September 2015
B00JJN6EVI,3 July 2015,15 July 2014
B0183UUYUY,29 November 2016,8 December 2015
B00FA2308W,,
B01DA5W1J4,1 July 2017,14 June 2017
B0084ZXJLA,29 August 2016,3 July 2014
B06XX6WB2Q,4 June 2017,7 May 2017
B014182YDM,4 January 2017,28 September 2015
B004WK26G0,3 October 2015,12 December 2014
B071S9YF71,,
B003TJ9ADC,26 January 2011,26 January 2011
B06VW4RXQ6,16 April 2017,16 April 2017
B007THSOV4,20 April 2017,20 November 2012
B008R39FKS,,
B06ZXXTBSY,,
B003879OT0,15 May 2017,23 October 2008
B010TY3Q7A,16 October 2016,16 October 2016
B00XN1NWMG,1 January 2014,7 August 2011
B01C4P7X8K,26 October 2016,5 April 2016
B01MZYN9WG,6 May 2017,2 November 2015
B00O9W853Y,3 July 2015,15 July 2014
B00N09HLNM,25 January 2017,20 January 2015
B071S31W1X,2 November 2015,29 September 2015
B0053VPUHE,25 February 2012,24 November 2011
B00P89DY9C,5 July 2017,12 November 2014
B07149RDS1,8 July 2017,28 January 2016
B01KJUGL8K,13 March 2017,13 March 2017
B004WK26G0,3 October 2015,12 December 2014
B00I8P9KAK,29 October 2016,1 March 2014
B00ENHSF9O,31 January 2017,7 April 2014
B01HYBCCMG,,
B071LMHW2V,,
B00YJUUF16,20 April 2017,3 March 2016
B01M3XIZCS,,
B01N3Q8B9X,,
B017TT05CM,17 June 2017,9 August 2016
B00W29VNTY,7 January 2016,4 July 2015
B00XN1NTOW,1 January 2014,7 August 2011
B071NGKDBZ,,
B00P2982YK,2 May 2017,16 March 2015
B00I2PFG0E,4 June 2017,8 September 2016
B00E8GWTVU,21 July 2014,21 July 2014
B06WGRXJ4R,,
B01G1M3XJK,17 August 2016,17 August 2016
B00B3I3LUO,25 March 2017,20 June 2015
B01HHZBEC8,27 May 2017,26 December 2016
B071CJT5S9,,
B00RWKNIFK,4 June 2016,4 November 2015
B01HMSE84Q,,
B00I8J3ME6,22 January 2017,23 January 2016
B00SHB2JTY,,
B00R2NSPWS,24 January 2016,5 March 2015
B071Y3RZNQ,,
B01LY8TB4J,30 April 2017,7 October 2016
B00SHB2JTY,,
B01M9FDH0V,,
B00DCX6BOQ,14 August 2015,14 August 2014
B0007P5FNA,10 December 2016,21 August 2006
B00E9UHX52,25 September 2015,29 October 2014
B017KA5ZZM,23 January 2016,10 December 2015
B01HYBAQYW,,
B00U8WOHGI,21 November 2016,11 October 2015
B000JFY3RM,14 May 2017,16 April 2009
B01HMLBI6E,,
B00DTQSV0I,5 August 2015,5 August 2015
B0081G1D8S,10 May 2017,1 November 2011
B06ZZ5T11H,14 June 2017,28 April 2017
B00NPZZCGE,25 January 2017,9 January 2015
B008R39FKS,,
B01M0LEOK5,9 April 2017,16 March 2017
B00KIRBS1A,7 July 2016,19 October 2014
B0104XFMBE,5 February 2016,8 August 2015
B01EWU0JOA,,
B016ONIBCA,9 April 2017,20 November 2015
B00GYVPI4C,21 May 2017,15 August 2014
B00BBTQXOG,8 April 2017,20 August 2013
B06XZCCNT8,,
B00P2983OY,2 May 2017,16 March 2015
B071R85NVB,6 July 2017,11 May 2017
B06XPB67GK,6 April 2017,6 April 2017
B06ZYL1TPG,5 July 2017,5 May 2017
B008721WU0,,
B01HMSBYZW,,
B01F573N24,3 July 2017,3 July 2017
B01NBVRLQJ,,
B00JR2CVJU,30 May 2015,18 July 2014
B00IQJN6F8,18 May 2017,14 May 2015
B001QWS31E,6 April 2017,17 February 2012
B06ZYLKXGR,14 June 2017,28 April 2017
B06XVSVR3M,17 January 2017,31 October 2016
B071VC3B5C,23 June 2017,30 May 2017
B004WK1TZE,18 May 2017,7 September 2013
B00IMOR496,9 September 2015,26 October 2014
B015341TLG,3 January 2016,9 October 2015
B06X6MG2KM,14 June 2017,28 April 2017
B0053VPUHE,25 February 2012,24 November 2011
B01DA43WX4,,
B01LYROZWO,18 May 2017,18 January 2017
B01LZ4CSCN,17 January 2017,31 October 2016
B014222N1U,4 January 2017,13 April 2016
B007CV9OXO,5 August 2014,5 August 2014
B00I8P9QJU,18 October 2014,18 October 2014
B01EJ1BNJW,18 June 2017,18 June 2017
B00JJN6EVI,3 July 2015,15 July 2014
B01CEE1OPY,13 April 2017,7 June 2016
B06XVC8YC8,24 May 2017,7 May 2017
B01ITBOQ8S,,
B01J70NK8M,4 April 2017,26 February 2017
B005VCZKX4,13 December 2012,13 December 2012
B01GQ69CBY,,
B0053VPXK8,21 July 2012,16 September 2011
B01N7QU4TZ,12 March 2017,12 March 2017
B004WLOUEA,24 March 2017,26 December 2011
B015FUY05A,8 April 2017,16 November 2015
B005ERMB0G,31 October 2011,29 October 2011
B0711MNJ34,18 June 2017,28 May 2017
B0051OP9XS,4 May 2017,15 July 2012
B06XWMVKW5,13 February 2017,11 January 2017
B01F573TB4,,
B008A8JHTO,16 June 2017,22 April 2013
B00GZI5IW6,4 October 2015,9 October 2014
B01M5H8S06,,
B01BNN0PHA,,
B01HMSDYM8,,
B00TX5O4YQ,,
B01DWGL7N2,24 January 2017,24 January 2017
B00NGKLFCS,8 February 2017,8 February 2017
B008V75O8C,6 July 2017,15 September 2013
B01MS4QY9D,4 July 2017,2 April 2017
B01MXRPADH,7 March 2017,17 January 2017
B01HMSCQ3G,,
B0172FMIN2,,
B01J5KUSRA,8 July 2017,4 January 2017
B01FQQ1GFU,22 March 2017,11 November 2016
B072BP737M,,
B01HMSCQ3G,,
B0172FMIN2,,
B013QYYGPG,14 December 2015,24 November 2015
B01F5764JS,,
B01DAE3YL4,5 April 2017,23 July 2016
B01GW8QF1Q,,
B00KQV8PBY,29 July 2016,22 December 2015
B06XZXKNNH,,
B01LYYDDDT,,
B003TJ9ACI,13 September 2011,2 November 2010
B01MDTF6VT,,
B019BJ5PLY,,
B01HRYWKT0,,
B01GOLWSE4,15 December 2015,7 August 2015
B01MQL7PLN,,
B00I8P9E60,24 March 2017,24 March 2017
B014P07FPS,14 May 2017,22 December 2015
B008F0SARC,22 January 2017,20 August 2012
B00IMOQYJM,30 May 2017,4 April 2016
B01IX2RFO0,3 May 2017,3 May 2017
B0053VPVOG,17 November 2011,22 September 2011
B00JXVXHUM,,
B00UGK352Y,4 March 2016,8 January 2016
B00X96V0JM,25 March 2016,25 March 2016
B072QF1QGB,8 July 2017,10 June 2017
B06XZJ5PL7,27 November 2016,9 August 2015
B01J2SESXA,27 April 2017,31 August 2016
B01C61ULOK,30 April 2017,2 July 2015
B00P29839Y,2 May 2017,16 March 2015
B01CEE1OZE,6 January 2017,21 May 2016
B00NBPN2WO,4 March 2017,4 November 2016
B00Z9RE28U,13 April 2017,20 October 2015
B00751LUJW,7 April 2017,4 April 2012
B01J5KUSRA,8 July 2017,4 January 2017
B00CB1V366,22 July 2013,13 June 2013
B01HMSB5DS,,
B00KTDMTT8,18 February 2016,11 February 2015
B01LALEEMC,14 July 2016,18 May 2016
B005H6T396,7 June 2014,7 June 2014
B00WMEBNCQ,2 June 2016,24 November 2015
B0042FCA7K,22 July 2016,17 November 2010
B00UVMGJHU,25 April 2017,10 September 2015
B00BR41AM0,,
B009AP9D40,2 December 2013,5 November 2012
B01MRUSQ7O,16 June 2016,25 March 2016
B01A70EF4E,6 May 2017,2 November 2015
B01FFZ690Y,1 May 2017,6 July 2016
B0104XC1FO,,
B01J57DS1G,5 March 2017,27 January 2016
B00ZX1KUS8,29 May 2017,29 May 2017
B0174JKWS4,,
B01MRFLBZ1,2 May 2017,8 December 2016
B0194X0CCY,19 May 2017,9 January 2016
B01MYXVJTF,22 June 2017,26 April 2017
B01MFZY2ID,25 June 2017,30 January 2017
B01NBIQCMO,4 May 2017,7 March 2017
B00H2ORMCQ,23 March 2017,8 January 2016
B071CQLXTJ,25 June 2017,8 June 2017
B00XN1NQRM,1 January 2014,7 August 2011
B0027FFSTO,10 September 2009,27 August 2009
B008721W78,,
B00YJUPRGE,,
B00NBPN3IC,4 March 2017,4 November 2016
B005VCR384,29 December 2012,29 December 2012
B000779YH6,2 January 2017,25 June 2014
B00ZZW5FIU,15 May 2017,12 December 2015
B01N19H53D,20 June 2017,29 April 2017
B00EAMJJG0,11 May 2017,3 February 2017
B0172FOOIE,,
B003NCX900,10 December 2012,19 August 2010
B003CX8OWI,17 December 2014,17 December 2014
B00IPWDIL8,28 June 2016,30 June 2015
B003OSWSMS,17 March 2017,19 April 2011
B01JU2CDQM,8 March 2017,29 November 2016
B00ANKRND4,13 November 2014,15 July 2013
B0174JG864,,
B013OXYC80,9 May 2016,18 February 2016
B00KW6AQ3S,31 March 2017,6 November 2015
B071VC3B5C,23 June 2017,30 May 2017
B014KDTNLY,14 September 2016,24 December 2015
B013QYYGPG,14 December 2015,24 November 2015
B013OXYC80,9 May 2016,18 February 2016
B00KW6AQ3S,31 March 2017,6 November 2015
B01HMLBKMG,,
B004LX479W,10 August 2016,10 August 2016
B01JZOUW5Y,,
B00NNTMVN4,,
B008434JCK,13 May 2017,7 November 2014
B01N7P55J6,,
B01HSC1H9U,,
B004U4QVRI,7 October 2016,24 August 2013
B00MUZZQKW,,
B06XZDXJ71,,
B00J8PR6MS,,
B003NSIE40,1 February 2017,30 July 2011
B01N7F5ISN,12 February 2017,12 February 2017
B01JRM13P2,2 June 2017,2 June 2017
B000IVH0FY,22 September 2009,16 August 2007
B01NATVSOK,8 April 2017,16 November 2015
B01N34LA77,7 April 2017,14 March 2017
B01LFOFRN4,6 July 2017,6 July 2017
B00JJLCHHU,23 August 2014,23 August 2014
B008N29GE8,,
B00C1GT9PI,2 May 2017,17 June 2015
B01DA3A7W4,1 May 2016,1 May 2016
B07283H3DS,,
B01N5926P5,24 July 2016,15 July 2016
B01LCDDLUY,26 April 2017,11 October 2016
B007487B9Y,29 November 2016,28 November 2013
B014DG7XCE,,
B01HYA6Y58,,
B06XTQJF1V,13 February 2017,11 January 2017
B06XDN3KS9,3 July 2017,3 July 2017
B0143A25TQ,26 November 2015,26 November 2015
B01KZ7X05O,30 May 2017,17 April 2017
B007X65Q5I,11 November 2014,11 November 2014
B00BC1AUHY,,
B01M3XP99B,3 March 2017,14 December 2016
B00SJ33AIE,30 April 2015,30 April 2015
B00KHO8HHM,26 September 2016,26 September 2016
B00PFP9HWM,7 October 2016,9 March 2015
B072ZSYZ7D,,
B06XDGNSCK,,
B01MUJU73E,7 April 2017,14 March 2017
B014DH4EIE,17 December 2016,29 April 2016
B01D9T8E1U,29 March 2017,17 April 2016
B00CP9SVCI,,
B01HCVDNJO,17 September 2016,3 July 2016
B0713RT4RV,,
B06X1B3TCC,21 January 2014,21 December 2013
B0067I3XD0,5 March 2017,28 March 2012
B072NY2828,,
B01D31EA5S,7 February 2017,5 April 2016
B00ZR0RM3Q,1 May 2016,5 July 2015
B01LD3ZZQG,30 January 2017,12 July 2016
B07124HP1Z,2 July 2017,4 June 2017
B016I8E0RQ,12 November 2016,3 December 2015
B006AXYHTQ,29 October 2015,10 June 2013
B00F5U8BAG,,
B00KWAAULW,24 December 2016,3 June 2015
B01AGANVJA,3 July 2015,15 July 2014
B01MT7N0Q3,9 June 2017,9 June 2017
B000BN6KQY,9 September 2012,9 January 2009
B006LLR99W,15 August 2013,20 February 2012
B00TWKZ9CI,18 February 2017,18 February 2017
B01F579LXE,,
B009A90K84,20 June 2014,30 November 2013
B06XCC4W32,25 June 2017,25 June 2017
B01FOSM9AG,20 December 2016,21 May 2016
B009EU19EI,12 June 2017,11 February 2013
B06WW9XMYG,6 June 2017,5 January 2016
B000J6EVKU,10 March 2017,31 December 2011
B00K2ZCKCY,27 July 2016,13 July 2014
B01I5784T8,26 August 2016,23 August 2016
B00YD0RFP6,31 December 2015,6 December 2015
B00K6AGB34,25 March 2015,30 October 2014
B00BR41JD0,,
B01EMXQBLM,5 March 2017,15 May 2016
B01E5Q115W,2 June 2017,24 November 2016
B01J3TBKXO,10 March 2017,15 August 2016
B07111B33G,5 June 2017,6 July 2016
B01DU4YGSY,16 June 2016,25 March 2016
B00UTHUI8I,15 June 2017,26 October 2015
B00ENHUXTO,6 October 2015,14 March 2014
B01LA7PV28,26 April 2017,15 October 2016
B0173T58QG,,
B01KFDSCJC,,
B01F52D6SA,23 November 2016,23 November 2016
B0038VZXKK,18 October 2013,27 May 2010
B01M24LPLD,8 May 2017,2 February 2017
B072BHG7FD,,
B01DY6DLG6,15 March 2017,15 March 2017
B06XBZW3K9,,
B015Q41DVY,13 January 2016,22 November 2015
B004TD4O1A,1 February 2012,30 June 2011
B01ESLIPVM,7 December 2016,9 May 2016
B06XZNBWHC,,
B00NBPN3B4,4 March 2017,4 November 2016
B018K87FPG,9 March 2016,14 December 2015
B00T82QNHK,14 July 2015,10 May 2015
B00KJGYNIK,23 March 2017,5 February 2015
B06XKCJRV1,,
B01F983U4K,8 October 2016,11 July 2015
B002JPJTT2,12 August 2016,4 November 2011
9437549494,3 June 2016,31 May 2015
B01E5TSLUC,4 July 2017,8 December 2016
B01LZWAWBW,7 June 2017,15 November 2016
B01LCDDLSQ,26 April 2017,11 October 2016
B013OWNAIY,15 July 2016,29 October 2015
B06Y3WM9MW,21 June 2017,21 June 2017
B01L1Q27KC,21 February 2017,21 February 2017
B00ZRMRHS4,16 January 2016,14 October 2015
B00SJ24D22,1 October 2016,11 August 2015
B00Z0D7IRU,20 November 2014,20 November 2014
B01ESGDPGM,27 April 2017,16 May 2016
B01MXWNRVK,11 February 2017,22 December 2016
B00I511O9C,,
B00MBGXHY2,2 January 2017,23 March 2015
B01E6N32TW,15 October 2016,19 May 2016
B01DJYD032,13 January 2017,14 August 2016
B00QU1TDQ0,,
B01M9ILRIK,,
B00QU0VB3E,21 September 2016,1 June 2015
B011R3OW48,31 January 2017,21 October 2015
B00XGYOGCA,6 August 2015,6 August 2015
B01NBNYCYG,29 June 2017,18 April 2017
B06XY6STZ1,25 June 2017,25 June 2017
B071V7LWXG,,
B0189IOQ7C,29 September 2016,11 January 2016
B07192X7PX,,
B014I8TLS6,22 November 2016,1 December 2015
B008LZ74KA,11 April 2017,11 April 2017
B00L943H0G,14 November 2016,8 August 2015
B01J3T8U3M,10 March 2017,15 August 2016
B071D59RLK,6 July 2017,19 June 2017
B06XCZFXQ2,11 April 2017,20 March 2017
B0084ZXJTC,1 September 2015,6 July 2013
B008XWABR4,19 February 2013,19 February 2013
B00FH2EYLM,16 February 2014,26 November 2013
B01KH9T3QK,,
B01N2I8APP,,
B016D69S9S,22 February 2016,14 November 2015
B01N1U85X3,7 April 2017,16 February 2017
B01M3RU4KV,,
B01N3L19CZ,3 September 2016,3 April 2016
B06XSFPDBM,7 June 2017,7 June 2017
B00BP6ODI8,13 January 2015,4 December 2014
B00C1ISUVA,20 June 2017,11 September 2013
B01CJH7EOQ,12 April 2017,9 May 2016
B01KQOAFP4,15 December 2015,7 August 2015
B00Z9RE1L8,13 April 2017,20 October 2015
B01FXOCNSO,18 March 2017,13 July 2016
B01HGYABH4,,
B00JKHSSAI,15 June 2016,15 June 2016
B00J719XH4,24 June 2017,8 July 2015
B009TTWBHS,5 July 2017,5 July 2017
B0017RW94A,13 April 2017,18 October 2008
B00JEBJJQC,21 June 2017,27 April 2014
B00O0V8X5E,25 June 2017,14 February 2015
B001TK7X1E,10 August 2016,25 June 2009
B01KNXSU0K,,
B01J3T0SEG,10 March 2017,15 August 2016
B01LXHCU4Z,28 June 2017,3 July 2016
B01KNXSU0K,,
B0711VDXWD,,
B004LWXSIE,,
B00XHU0W6M,,
B00NBPN3K0,4 March 2017,4 November 2016
B019Z40KD8,26 March 2017,27 January 2016
B00AXZE9PY,31 March 2017,30 May 2015
B0104XG58I,,
B0053VPWC2,17 October 2011,17 October 2011
B01M70MGLA,,
B007487MPW,25 June 2012,25 June 2012
B00LTNFILS,19 April 2017,18 February 2016
B01E85T57G,26 January 2017,14 August 2016
B009E317FG,8 April 2017,2 April 2013
B01LZZKQVF,23 April 2017,23 April 2017
B01M4ITBB6,26 April 2017,9 January 2017
B071KVRG48,,
B00PAMA2LU,13 April 2017,25 February 2015
B000065UOO,30 July 2002,14 May 2002
B00Z7800EQ,17 October 2016,23 July 2015
B004O3OKDW,,
B00NXZEC62,2 January 2017,20 January 2016
B07235G7TS,8 May 2016,18 April 2016
B015BSRTKE,29 May 2016,27 February 2016
B01LXHCQA2,6 May 2017,26 September 2016
B013Q93X2I,10 June 2016,8 April 2016
B072M673HN,,
B005LGFZV2,20 January 2016,5 October 2014
B00U7HL87A,29 October 2016,22 December 2015
B003XIMV12,30 May 2016,2 November 2011
B01N2I8S7W,3 June 2017,1 January 2017
B00E8GZ1NI,21 July 2014,21 July 2014
B004LWXSI4,,
B01GDFUT56,,
B00TG0OADS,,
B00NPZZCEG,25 January 2017,9 January 2015
B01JA5WC10,9 April 2017,15 April 2016
B01N7LXZW6,,
B01LCDDLWW,26 April 2017,11 October 2016
B017J1W1NQ,13 January 2016,17 November 2015
B00J9DE3IO,12 April 2017,1 June 2014
B002FL46IY,1 April 2017,4 September 2009
B01I00U6MS,,
B013OYTUTK,18 April 2017,14 October 2015
B005049HO6,,
B071KVRG48,,
B00E9UEWZG,,
B00BJ4VLHW,17 February 2014,17 February 2014
B01M27HHU5,,
B071Y3RZNQ,,
B01GOO954W,30 April 2017,24 October 2016
B072JLBHZF,,
B072M66Z96,,
B06XBRTXZT,,
B06XSJ1BKD,6 May 2017,17 April 2016
B071FWL6LX,,
B01HYBQJSE,,
B06XC8R1FL,,
B00TIJTU46,,
B01JAB3J0C,12 January 2017,12 January 2017
B06X6GRZHB,19 April 2017,26 March 2017
B00YTLR44G,1 May 2016,5 July 2015
B00YJUU7SM,11 December 2016,6 July 2015
B0053VPX30,9 May 2017,8 February 2012
B01KFDRJMS,,
B01ETLUUHS,15 December 2015,7 August 2015
B00NGL51XG,29 March 2017,27 October 2014
B000OQ7878,30 April 2008,2 July 2007
B00DCX6GUU,29 June 2015,29 June 2015
B007XD15CE,,
B00I1JQ0QK,7 September 2015,6 July 2014
B005VC5E4E,,
B01BBV486I,28 December 2016,28 December 2016
B00MZNUEOW,2 October 2015,2 October 2015
B011OQF1C0,26 June 2017,14 September 2016
B00I511KDM,,
B017WL971C,,
B016I341IY,2 June 2016,15 November 2015
B071WB3929,,
B06XC7C59Y,,
B01HONR6CA,,
B017WL971C,,
B00IWQXU0Q,4 February 2017,3 December 2014
B00RJ4VDS8,,
B01DZCF9HS,20 December 2016,28 September 2016
B00TFY3UJA,,
B0081G30CU,10 May 2017,1 November 2011
B00X96N69E,21 September 2015,31 July 2015
B01HHXHF64,9 June 2017,9 June 2017
B00BP8DL1G,21 June 2017,16 April 2013
B01DTLSMDI,24 June 2017,20 September 2016
B01D0VICJQ,30 March 2017,9 October 2016
B01D30XDXY,7 February 2017,5 April 2016
B01D9UOCW4,7 March 2017,25 May 2016
B00YTHNDVI,15 April 2016,28 January 2016
B00OXTXMXQ,30 October 2015,31 May 2015
B00S46K25U,,
B06XQVSWDD,,
B01N4AFSHW,,
B00WW2V5LM,30 September 2016,30 September 2016
B071NGLJ3X,,
B01BLI2TJE,18 June 2016,21 March 2016
B00BHBFECU,26 March 2016,12 March 2013
B005IZAA9I,3 March 2015,8 August 2013
B0105RL7UY,,
B01NAYMVI1,,
B071FS2Q2B,,
B01CK7W7AQ,,
B005IZJF44,,
B01F5757SC,,
B00C1E4XT2,12 July 2015,11 January 2014
B014DH438K,11 January 2017,20 November 2016
B00C29KGZG,17 November 2016,4 November 2013
B06XK37Y87,,
B00JKHH0NE,,
B0173T7XNM,19 February 2016,19 February 2016
B0019VNX1C,,
B01008BCHQ,27 April 2017,6 June 2016
B071VSX54Y,,
B00NV5B1UE,20 November 2014,20 November 2014
B00L94CAJU,,
B00C1GWVHQ,28 July 2014,8 July 2013
B00BR41KFW,,
B01F9BMIYU,8 October 2016,11 July 2015
B0104XA8RM,22 March 2016,22 March 2016
B01AYC5UE4,2 November 2016,16 March 2016
B0104XE2H4,,
B06X1C7GMH,,
B01MU7KRQC,,
B002KDVLP8,10 September 2016,10 October 2015
B01HSC1TU2,,
B00UN3S2QI,29 July 2016,29 July 2016
B01HONPNM0,,
B01JPF6NCO,,
B01N4TG3DS,,
B00UN3S2QI,29 July 2016,29 July 2016
B01N3YDQP6,,
B01BLI6WOW,26 October 2016,25 April 2016
B01IFKMAOK,7 March 2017,24 September 2016
B00NXZ3KJC,13 March 2017,13 March 2017
B00UFQKYSM,9 July 2017,25 August 2015
B00C665T1Q,26 March 2017,1 February 2015
B01LXHCQA2,6 May 2017,26 September 2016
B00O0V9WJK,8 February 2017,31 March 2015
B01HYA8VMC,,
B00A5DA930,5 May 2017,24 January 2013
B01HMSBX4E,,
B01IEUXYAA,25 April 2016,29 November 2015
B009TTQU98,15 January 2017,15 January 2017
B06WGPF6K2,14 February 2017,14 February 2017
B00INAJTEM,,
B01HUMTGF0,6 June 2017,15 August 2016
B00NBPN3PK,4 March 2017,4 November 2016
B01BREXU86,,
B0006AAKCM,2 December 2015,14 February 2005
B00T6BT4U6,5 November 2016,6 December 2015
B01LAQ9LQ6,30 December 2016,13 October 2016
B01J70NK8M,4 April 2017,26 February 2017
B01EQEL64E,26 June 2017,12 September 2016
B01JPEVD5M,,
B01CK7YN1C,,
B071JCWPJL,,
B0174JLR88,1 March 2016,1 March 2016
B01GP05QXO,,
B01M1IQ7F9,15 May 2016,21 April 2016
B01LXTWSOB,4 July 2017,9 May 2015
B00J8NSFWA,23 August 2014,23 August 2014
B0173T3DJA,,
B01HMSDSD8,,
B00KYW66LQ,,
B01ITBOQ8S,,
B01FXW1ROC,22 May 2017,15 April 2016
B00Q7ORF4M,12 February 2015,14 July 2014
B0196E106S,30 August 2016,23 November 2015
B01M1RVTW3,20 January 2017,31 December 2016
B01LY81MTK,,
B00QKT4PAQ,13 March 2017,8 January 2015
B072KDQRJP,,
B00DWJIHJW,3 June 2015,9 March 2015
B01HZ92PBU,24 June 2017,15 August 2016
B07212PVVW,6 July 2017,10 June 2017
B00WR5GY5Q,26 April 2017,7 November 2016
B00025HINA,11 April 2017,8 February 2013
B00IWR2LL4,,
B01MR3JZ59,9 July 2017,14 March 2017
B01JR7YKUM,26 March 2017,26 March 2017
B071FS2LL2,,
B071FS29PP,,
B072M66V21,,
B01JR7YKUM,26 March 2017,26 March 2017
B010USDPYO,1 June 2017,1 June 2017
B01MYZBENU,,
B003XIMUYU,28 May 2017,11 June 2012
B01LYHA2EE,14 June 2017,3 November 2016
B00005KABW,1 January 2002,23 August 2001
B01M7PCG4G,,
B01I049KFS,14 July 2016,18 May 2016
B00J6F3IAE,24 July 2015,7 May 2014
B01HMSBODE,,
B00GYVMRZA,,
B002E36GWC,27 August 2012,27 August 2012
B01KFAQX78,,
B06ZYMNWYQ,,
B00GY09NSK,6 June 2017,23 August 2014
B0093G0ZBQ,11 March 2013,23 February 2013
B00IMOQXCU,,
B0056Z1VKC,20 October 2011,20 October 2011
B00BPSALJQ,24 February 2014,25 October 2013
B01EP99GWE,26 October 2016,26 October 2016
B00J71A2ZG,,
B00INANLCI,20 July 2014,20 July 2014
B005R02MSG,1 May 2016,15 September 2014
B01HMSB9L6,,
B071WB34N2,,
B06XC6RQ2K,,
B01HI4BJKK,11 April 2017,3 April 2015
B010OMPAYY,,
B00GYVW16K,,
B01EPSB62S,,
B00DCWXXKW,,
B00IMOQLTA,29 January 2015,29 January 2015
B06XKCSN8Z,19 December 2016,8 June 2016
B0015M2HPS,5 March 2015,30 July 2008
B000I7IHHI,12 February 2007,31 December 2006
B00C2AK3YO,3 January 2015,4 August 2014
B01DM7SG5S,27 June 2017,27 June 2017
B0105RL81C,,
B01HYA7KJW,,
B01GGGF1H8,,
B01D344PNC,12 June 2017,27 April 2017
B015341RTU,13 December 2015,3 November 2015
B06X6GQ8F5,,
B0105RL830,,
B017AUB23G,29 March 2017,11 March 2017
B0117L8UH0,24 March 2016,5 August 2015
B0056ICFFY,13 December 2012,1 December 2011
B01DJCDYKI,14 July 2016,18 May 2016
B00AXE911W,7 July 2016,2 February 2010
B006ZE3TDA,12 November 2014,3 October 2014
B015DZ5DIU,,
B06XC64QGD,,
B06XB17VB8,1 April 2017,15 March 2017
B014T3QLBA,9 April 2017,9 April 2017
B015DZ5DIU,,
B00JP8VWS2,18 April 2017,30 June 2015
B014XXVEKE,19 August 2015,4 August 2015
B00C1GKRFO,28 July 2013,12 July 2013
B00DYUIM3A,1 June 2017,11 June 2015
B06VVL71C1,26 February 2017,9 May 2016
B0136NHLGI,24 March 2017,17 August 2015
B002RWU9L4,1 January 2014,7 August 2011
B01MTL8EAG,,
B01J7HWDCE,22 September 2016,12 August 2016
B0081G3XEU,10 May 2017,1 November 2011
B07289MC7Q,4 June 2016,5 November 2015
B01GTDXOYA,8 April 2017,8 September 2016
B002UL7YL0,26 May 2017,13 November 2015
B00KCPY5Y0,6 July 2014,25 June 2014
B003CLOSHK,29 February 2016,14 September 2010
B00J5CRJVM,,
B0725KNDW9,,
B01MYEE2N1,2 June 2017,8 April 2017
B01NCL34VZ,,
B009B7LWVY,30 January 2016,23 September 2014
B00DWJILIY,3 May 2017,13 May 2015
B06W9F1SMW,3 May 2017,3 May 2017
B01DB82YUG,9 January 2017,8 April 2016
B06XC4TRR4,,
B016W26SDW,4 July 2017,9 May 2015
B01IP27K20,17 August 2016,17 March 2016
B01CHVBEHW,13 September 2016,28 March 2016
B06XCQZ4BR,11 May 2017,31 March 2017
B072J4C42H,19 June 2017,27 September 2016
B00I8P9IGQ,24 January 2016,21 July 2015
B01M69400X,,
B000QGI3X4,6 July 2013,6 July 2013
B01N7HROXE,,
B00TWGSZ6O,,
B00J4EP8QY,9 April 2016,27 June 2014
B01M09CQWU,,
B01ELE3106,5 March 2017,15 May 2016
B01L1CHMFQ,,
B00I513TB8,27 January 2016,27 January 2016
B01LE5KQK8,4 July 2016,4 July 2016
B01GP04MWK,,
B00H0E38JO,23 June 2017,20 July 2014
B01LE5J8IO,4 May 2017,16 December 2016
B004WK1Y36,10 May 2017,22 November 2013
B01DKJHSS4,6 June 2017,16 November 2007
B009TTWBZA,,
B01N8WU4VI,5 May 2017,24 May 2016
B01HYA88XO,,
B0044708SE,29 March 2017,20 November 2010
B00JB5O6VY,25 January 2016,25 January 2016
B012780BYW,14 April 2017,28 January 2016
B071ZFCCQ9,,
B016MUE804,27 September 2016,27 September 2016
B01L0JEEMO,9 January 2017,9 January 2017
B00ECWZMUK,,
B01DLLH7G4,1 February 2017,1 February 2017
B006G0UF8A,13 December 2015,25 February 2012
B00EQ36OSE,5 May 2017,9 February 2014
B00IXNLZZU,9 July 2017,22 December 2014
B014W9MJR6,20 November 2014,20 November 2014
B00VLS5NJ8,27 April 2017,27 October 2015
B00316263Y,6 November 2014,7 December 2011
B00BSCAB76,,
B00JP3AU80,3 March 2017,29 December 2014
B06XVLSPJV,,
B01N7P7ZXL,,
B00S1N6OA8,,
B015WNEQTU,22 November 2015,17 October 2015
B019MJM2ZU,22 February 2017,11 January 2016
B01FQBHXNO,31 October 2016,31 October 2016
B01MXNXKKN,17 January 2017,31 October 2016
B01DJ2P19U,23 March 2017,25 January 2016
B01M1KIVFI,,
B0046B9OTC,20 November 2015,21 December 2010
B06XBN92XY,,
B01L3HK6ZC,,
B01KHP8SUQ,21 July 2016,18 May 2016
B01N9SMGOM,9 May 2017,6 May 2017
B01LXUOFTY,8 December 2016,17 October 2016
B01HYA9B9E,,
B06WRS9LZK,,
B00N7XRRM6,29 January 2015,29 January 2015
B01EWVT3Q4,27 April 2017,16 May 2016
B014OTES46,24 April 2017,11 October 2015
B01HRYXZ7Q,,
B008AL9VXI,27 February 2014,25 July 2012
B009TTPADK,28 May 2017,28 May 2017
B00BPRIRYI,9 June 2016,20 September 2014
B003LO2RIU,14 March 2017,28 July 2010
B01FXWO1GI,22 May 2017,15 April 2016
B01MY95LM8,19 June 2017,5 April 2017
B01N5NKOYD,16 May 2017,11 March 2017
B01KA7XBCQ,22 June 2017,18 September 2016
B017W7KI28,5 July 2017,10 August 2016
B00E8GY0V2,21 July 2014,21 July 2014
B00VG1T83W,27 February 2017,27 May 2016
B000GPPMUW,,
B00A8FIQXA,12 April 2017,14 April 2014
B00INAI90W,10 December 2016,13 February 2015
B01J096MGC,7 January 2017,23 December 2016
B01GP042ES,,
B06XC61R24,,
B01KNENXE2,21 July 2016,18 May 2016
B01HJHEUWU,,
B01GP042ES,,
B00UZ339M8,6 October 2016,4 March 2016
B0053VPWQI,15 August 2015,7 December 2011
B003CWJ9B4,28 August 2012,18 March 2012
B003VPJZ48,5 April 2016,23 October 2010
B071HX55V7,23 May 2017,23 May 2017
B00I513USU,20 December 2016,12 October 2014
B01HYBAZV6,,
B00NBPN36O,4 March 2017,4 November 2016
B00L948NS2,30 January 2017,29 January 2015
B00S3YP40Q,,
B004KD9O4G,15 July 2016,30 January 2011
B01JB6XPE6,7 January 2017,7 January 2017
B0104XAFNY,8 May 2016,8 May 2016
B072DWS4JC,,
B00L424I5Q,28 August 2015,28 August 2015
B003DK45KA,28 December 2012,11 August 2010
B01HZELHT6,22 March 2017,29 August 2016
B01JROY89S,28 December 2016,28 December 2016
B06XCLYB35,11 May 2017,31 March 2017
B01KE0BOTQ,,
B06XZYW5ZM,,
B01LCE8MF2,4 July 2017,27 February 2017
B01HMLC516,,
B06XC8T7XZ,,
B01KNETZ2Q,21 July 2016,18 May 2016
B06Y5PP8Y8,29 April 2017,28 April 2017
B01HMLC516,,
B00IW6D4B6,29 July 2016,16 August 2015
B00DSDMMXY,19 April 2015,12 February 2015
B00RJ4VAM2,,
B00846UAZM,4 April 2016,20 August 2012
B00HVBMVEO,,
B01C615DHU,6 April 2015,6 April 2015
B00MHTDKGS,,
B016FON0H4,11 June 2017,29 February 2016
B0081G1D92,10 May 2017,1 November 2011
B00L949CK0,6 February 2017,14 April 2015
B0166ZLE1Q,3 May 2017,27 December 2015
B00AW8VS1K,25 June 2017,11 August 2014
B00INAPSRY,,
B00FF3ZFWA,2 March 2017,29 April 2014
B01CGLRZVC,26 May 2017,2 October 2016
B00NC18W7W,27 April 2017,9 January 2015
B00JJLPYD4,23 September 2016,26 October 2014
B00YJUUE8A,,
B00ZPQQ0JO,5 September 2015,26 July 2015
B01LXLW4X5,,
B00L94A7TK,6 February 2017,14 April 2015
B00U8WOVF0,7 February 2017,15 April 2016
B01535AP6U,,
B06XBZYL6W,,
B01KNUW6RQ,7 June 2017,7 June 2017
B01MXNXKKN,17 January 2017,31 October 2016
B071CTC9YQ,,
B01BBV3U12,27 February 2017,16 April 2016
B014XXVB5M,19 August 2015,4 August 2015
B00KB3A56U,,
B0105RL8CQ,,
B00YJUQLHI,20 October 2016,20 October 2016
B005M1LTKM,10 March 2017,18 June 2015
B00Y1NW07I,,
B002K0VBTW,27 February 2017,31 July 2011
B007487ZQ8,10 May 2013,10 May 2013
B00L945KMY,18 April 2016,18 April 2016
B0194NMBQ4,,
B00NQ9OQU2,9 July 2017,6 April 2017
B00BR41LTW,,
B00VRG3V52,15 January 2017,15 April 2015
B0104XG902,21 February 2017,6 February 2017
B004O3OLZE,,
B0001ZN7UY,11 October 2015,15 February 2007
B01FGEWSKE,7 April 2017,18 September 2016
B01BLJ8KKK,17 March 2017,3 September 2016
B00U6WR29O,11 November 2015,28 April 2015
B00P5JXMBK,11 April 2015,21 February 2015
B00P0UPVRM,8 March 2017,1 May 2015
B00Z66LWDW,11 May 2017,11 July 2015
B06XBNBVPT,,
B01GN08EQM,30 April 2017,16 June 2016
B01MR8FIVV,18 April 2017,6 March 2017
B017US9BZE,13 December 2015,25 November 2015
B009GTJC0K,,
B018QPMOO0,11 April 2017,3 April 2015
B008NUOLSG,28 July 2015,28 July 2015
B00QU0V666,3 November 2015,16 July 2015
B01N6WUK3M,,
B01KHT1MWI,1 October 2016,30 September 2016
B005IZA25U,,
B01L0YT0NC,17 June 2016,16 January 2016
B0011E8RSQ,29 September 2012,3 November 2011
B00CLH3SKO,21 January 2016,27 September 2013
B01KQH362U,,
B01HMSCP1O,,
B01D5H8ZI8,15 April 2017,23 November 2016
B01CHVTDJS,13 September 2016,28 March 2016
B00F27X7G0,,
B01HSC0Q7E,,
B01M5B39PA,,
B06Y45QMMS,,
B0144PY2NM,26 November 2015,26 November 2015
B01L45BZ8U,,
B072JJ99PB,,
B0721Y8SZ6,5 July 2017,5 July 2017
B00IUMGSN8,23 December 2014,13 September 2014
B06XC8S9S8,,
B013UVPCSK,20 June 2017,22 October 2016
B00FJ2EN48,8 July 2017,11 May 2017
B00E8GYAOE,21 July 2014,21 July 2014
B01JU1Q9ZE,8 March 2017,29 November 2016
B017FH8KDE,30 March 2017,4 July 2015
B00GYVWFYS,,
B01K7FU9XK,22 June 2017,1 December 2016
B005VCVKYW,,
B01K7HYLOQ,28 June 2017,20 October 2016
B01HRLS49S,22 April 2017,26 January 2017
B000255J4K,3 May 2005,3 May 2005
B00VLLN44G,23 February 2017,24 July 2015
B00LM4IJ60,13 January 2017,28 October 2014
B01N11TZGT,23 June 2017,8 March 2017
B01ESUQ7HW,27 November 2016,9 August 2015
B00QU1UFKS,27 January 2016,27 January 2016
B0096KGKN6,5 January 2017,30 December 2014
B072BCDV1G,,
B01HRYXLUM,31 December 2016,31 December 2016
B071YBSJS7,19 June 2017,19 June 2017
B007XAZ6IQ,30 March 2016,28 October 2012
B014XXV9TU,19 August 2015,4 August 2015
B01FMJGKOS,7 May 2017,29 August 2016
B01N7T2RM6,8 July 2017,30 March 2017
B07211XNZQ,13 February 2017,11 January 2017
B071JBJXGG,,
B06XC8Q57D,,
B0035PJ9QS,12 May 2017,8 March 2013
B071LDQRMQ,30 June 2017,6 June 2017
B01GU4HUHA,,
B00ICP46KK,,
B000Q8L49C,21 June 2017,5 June 2011
B01H3XX666,2 April 2017,28 October 2016
B01KFAQYRW,,
B071R3JYFH,,
B00ENHUYL6,1 January 2014,7 August 2011
B0056EXUWA,22 June 2017,27 December 2013
B01033D1R2,30 March 2017,4 July 2015
B0018PRXWE,4 November 2008,17 July 2008
B016CV506O,13 June 2016,30 July 2015
B000QDENXG,13 November 2007,13 November 2007
B00NPZZCNW,25 January 2017,9 January 2015
B00YGHOO5K,27 March 2017,27 March 2017
B015GBGO0M,27 December 2016,24 November 2016
B010NE3QHQ,4 May 2017,11 August 2015
B00ECWY1U2,7 June 2015,7 June 2015
B06XZGZDQ3,,
B010NE3U2M,4 May 2017,11 August 2015
B005IZJJSQ,5 March 2014,26 December 2012
B00JP93ETQ,18 April 2017,30 June 2015
B00ENHS1Q6,6 August 2014,23 March 2014
B0173T79YU,,
B06XC6RPRB,,
B0719PGHJ1,30 June 2017,6 June 2017
B06XD28HRW,11 May 2017,31 March 2017
B01N46VHN9,19 June 2017,19 May 2017
B00H9CRSIY,,
B01LDAMCG0,17 February 2017,6 December 2016
B00BEXT166,28 June 2015,22 May 2015
B005IZJEUY,17 August 2014,17 August 2014
B00IMOQLDQ,5 August 2015,5 August 2015
B01C3TKC3A,24 June 2017,21 May 2017
B0104X9JB8,,
B071S9YHW4,,
B0032OFDXK,17 June 2015,19 May 2011
B00NV5B1CM,20 November 2014,20 November 2014
B01EHAAHOW,14 January 2017,23 July 2016
B00UJJ0X72,31 January 2016,21 June 2015
B004L4IMLU,,
B00WUBJAFS,7 March 2017,28 November 2015
B000FML9NA,15 January 2012,8 August 2006
B00ICOP5FG,,
B01NARRB0K,21 May 2017,23 March 2017
B00CSL5P1S,15 April 2017,10 December 2015
B0061E13IC,9 February 2017,24 February 2012
B01B8TWEPA,15 April 2016,15 April 2016
B01LE5J5LO,17 June 2016,16 January 2016
B00IWQXEDY,,
B01F56S9OC,,
B003YVYOPY,18 October 2011,22 December 2010
B01N36XVGO,,
B01N19H53D,20 June 2017,29 April 2017
B06Y5FDQR2,29 April 2017,28 April 2017
B00YJUQ83A,,
B071P78N57,,
B01MY9ZLE5,,
B00JP8H600,18 April 2017,30 June 2015
B00LM2Y2U4,15 October 2016,24 September 2015
B00FGR4VZC,,
B00MUTJO5G,,
B06XFV75GC,29 March 2016,23 April 2012
B01KLKQN9U,1 June 2017,18 October 2016
B0006GVBCE,27 August 2015,26 July 2013
B071YNLXL8,20 June 2017,20 June 2017
B00EXOSQGO,,
B009TTP8L4,17 March 2017,15 December 2016
B00JKGHV5M,30 June 2017,7 August 2015
B00I511RTO,,
B007PONQYG,8 April 2017,9 March 2013
B01N2LHVYW,,
B01E9Q5FJ6,,
B01N2LMPFS,4 June 2017,4 June 2017
B017NE35KC,24 December 2016,24 December 2016
B0144TVJO8,14 January 2016,13 October 2015
B00WMLO4WU,,
B01JBD9K98,28 December 2016,16 October 2016
B00TZC8WBS,,
B01LX6H9AQ,,
B01N3TUSRU,7 July 2017,24 June 2017
B01E5TSLUC,4 July 2017,8 December 2016
B002KKT9LO,23 October 2016,14 February 2013
B00NPZZCF0,25 January 2017,9 January 2015
B015341TJS,23 July 2016,2 November 2015
B01BOYX1YM,31 October 2016,15 July 2016
B00DZKVY2U,16 January 2015,19 June 2014
B00SJ1V0QK,,
B071RVNTFP,,
B00Y0OSPO0,,
B00UGK34GQ,10 March 2016,26 May 2015
B000JC9DWU,26 August 2010,6 June 2007
B001RJU4TA,,
B00O0UZQ9G,20 May 2016,8 December 2014
B00NPYY5HW,17 May 2016,17 May 2016
B00W293T5A,8 October 2016,11 July 2015
B00T7S7DUG,11 March 2017,3 May 2015
B01DLL7MDM,1 February 2017,1 February 2017
B01NC0IBSC,2 June 2017,8 April 2017
B01EHPSG22,3 July 2015,15 July 2014
B00APV8ML8,27 December 2013,23 February 2013
B01CN39HZU,,
B072NYWZJH,23 June 2017,26 May 2017
B00EX4R5RK,10 April 2016,3 February 2014
B00XVTJKCQ,14 May 2017,28 October 2014
B00B2HOY4S,1 December 2016,3 September 2015
B07173RQ5P,13 June 2017,10 June 2017
B072FHV7NV,,
B01FJJP600,,
B072QF1QGB,8 July 2017,10 June 2017
B00MUZZQFC,,
B00IICDXK6,26 June 2015,16 November 2014
B01M0LC34D,,
B0174JBS8M,,
B00J9AZL4M,23 August 2014,23 August 2014
B00L5AJ06E,30 November 2016,26 January 2010
B00BN9CH26,1 March 2016,10 July 2015
B00Z3DWLAG,,
B00CZA86GS,21 May 2017,28 November 2013
B01FGVS0SQ,,
B06XZTLNWX,,
B006LKO3YC,17 March 2014,15 April 2012
B002M9Z2WI,8 October 2016,4 February 2010
B013OXY3XO,,
B000179LWK,,
B01AHNGQCU,26 April 2017,16 October 2016
B01GDYKBO6,2 May 2017,14 June 2016
B01MDLEQUN,,
B01F5754XA,,
B00RC5FBXM,15 December 2015,7 August 2015
B0173T6DWE,,
B00D2VRBDS,25 March 2017,30 September 2013
B012B5U3LC,3 December 2015,14 September 2015
B007JO9MPY,,
B072Q5JWLQ,,
B00ITPG1BK,6 February 2017,2 December 2016
B012B5U3LC,3 December 2015,14 September 2015
B00INAIEB6,,
B01HOEQ0AS,25 March 2017,25 March 2017
B00I3LTQ9O,27 March 2017,9 July 2017
B01F56V912,,
B01HYA6MYG,,
B01AS3BWW8,31 December 2016,31 December 2016
B00D2S5RDC,27 August 2014,27 August 2014
B01G9YQ9NC,17 March 2017,14 February 2017
B00IUMFME4,,
B01G82ENR4,30 September 2016,18 June 2016
B01D85KGA2,15 November 2016,15 November 2016
B00I7RNVR2,12 May 2017,28 April 2014
B01EFQU0F4,18 February 2017,25 April 2016
B00BR41K48,20 October 2013,20 October 2013
B071JTSK6T,13 February 2017,11 January 2017
B002L5ZRNW,20 October 2013,20 October 2013
B009ZL3192,,
B006VBUMGE,,
B071RR5TF7,,
B00ISQASOG,17 May 2016,11 April 2016
B0713YDZV4,13 June 2017,8 June 2016
B00BLVN0KE,16 December 2016,17 August 2012
B01HMLBXSM,,
B00MWRZFP4,20 May 2017,14 April 2015
B01LXTWSOB,4 July 2017,9 May 2015
B01D30XDXY,7 February 2017,5 April 2016
B00O7UDID0,24 May 2017,25 October 2009
B002K0R5WO,18 May 2017,8 August 2013
B00E9YWI8K,,
B00J9B23F6,,
B00P1WQHQ8,14 May 2017,28 October 2014
B003CWPAG2,8 August 2011,8 August 2011
B016GEMCMC,11 January 2017,30 June 2016
B01F56XH8K,,
B0018BTP7O,13 October 2008,1 August 2008
B01G1NIU4C,,
B004IZ1DMC,,
B00DX7GLW8,2 March 2017,8 October 2013
B01FEZRGPC,27 March 2017,23 June 2016
B01LD9JUIO,,
B00UI05OQW,9 November 2015,11 July 2015
B01EX9KK6M,,
B002RWY4HE,26 April 2015,8 September 2010
B00H7HRJX0,,
B00CQOSRM6,5 December 2016,5 December 2016
B00ENHSE3Q,21 January 2015,22 March 2014
B005L0Y5CS,25 May 2010,11 January 2010
B00L949A1G,30 January 2017,29 January 2015
B019372U4Y,20 March 2017,13 August 2015
B00OZJU0XO,18 November 2016,2 June 2015
B01MQQ721O,22 January 2017,27 December 2016
B01M8FLMKK,14 June 2017,16 November 2016
B07212PVVW,6 July 2017,10 June 2017
B00OZJU0XO,18 November 2016,2 June 2015
B01N3TUSRU,7 July 2017,24 June 2017
B01N0XSFY6,,
B00FAN99P4,,
B007WBZP7S,,
B01686EWGM,23 March 2017,25 March 2016
B00XBEMP4Q,2 May 2017,9 December 2015
B01N8XYY3K,21 April 2017,21 April 2017
B00GAZM3B8,11 April 2015,7 December 2013
B01M8I3ZNU,,
B0006BC3ZS,,
B06XZ2V7XZ,12 June 2017,17 April 2017
B00F5U8CAA,4 December 2016,23 May 2014
B072DTLWPK,,
B071S9YFGF,,
B00YJUP3K4,,
B00NEYPWGG,27 March 2017,9 July 2017
B0104XHT2O,,
B0104XE22Y,,
B00DX7EXZK,5 January 2016,24 July 2013
B01GSEBI5M,,
B01HYA8TV0,,
B002UKZ904,13 December 2016,13 December 2016
B00FANHVA4,,
B01EWWHU7M,13 June 2017,16 May 2016
B01CGLRZVC,26 May 2017,2 October 2016
B01FS0TMQE,23 June 2017,16 February 2017
B01FQP0JZO,8 April 2017,22 November 2016
B01F57AVTM,,
B010DCSHCW,,
B016C85B6G,,
B00871TI0C,8 October 2014,8 October 2014
B01CUM2BFM,,
B00RJ4VFC2,14 November 2016,6 January 2016
B00J8LWQTK,,
B00S4633TW,4 March 2016,4 March 2016
B01KLDQIJM,,
B01G6L0DYE,6 March 2017,6 March 2017
B01E3G56Y6,,
B01AHRWFBC,11 June 2017,30 March 2016
B0174JGD14,,
B00NV5BPSC,21 August 2016,6 March 2015
B00S8I2ODM,4 November 2015,16 October 2015
B01DL0U9A6,,
B00J8LYUZ8,10 April 2015,10 April 2015
B01F571QX2,,
B072M4PP2T,,
B0087SWZSW,22 January 2017,17 November 2012
B06XSPSPPJ,17 June 2017,23 March 2017
B01L45CJPS,,
B00005QFCJ,28 April 2017,16 August 2010
B01M1CHBX4,19 March 2017,12 November 2016
B00OZJU0XO,18 November 2016,2 June 2015
B01B2KFSTO,16 June 2016,25 March 2016
B00005QFCJ,28 April 2017,16 August 2010
B01F57AAVG,,
B01FF12WOU,22 January 2017,22 January 2017
B001TKDOR6,10 August 2016,25 June 2009
B0055YY1IS,12 May 2012,17 April 2012
B01HGYA9XK,,
B01LXC8QLN,,
B01HAV9JCQ,25 January 2017,10 August 2016
B003Z8KJD2,8 February 2011,4 November 2010
B00NBPN2S8,4 March 2017,4 November 2016
B01N3S2O59,,
B00MUZZQDE,,
B00L9E7GFS,11 November 2014,11 November 2014
B00U82PF3M,,
B01ELWQTH0,22 July 2016,17 November 2010
B01M4IXJQ9,,
B00IMOQMO4,,
B071RMGY6W,,
B072HHD3CF,,
B010C4TDSI,22 July 2016,25 June 2016
B00UDEJ414,15 March 2016,16 March 2015
B010HHT4Z2,30 March 2017,4 July 2015
B00264GMOG,24 May 2014,24 May 2014
B0000TEV7Y,19 February 2004,11 January 2004
B01LYY45LX,14 November 2016,26 October 2016
B06Y3YC3Q5,30 April 2017,16 June 2016
B071S5Q62J,30 June 2017,6 June 2017
